{
"lengthUnit": "mil",
"components": {
	"fields": ["COMPONENT_NO", "COMPONENT_NAME", "LAYER", "X_COORDINATE", "Y_COORDINATE", "ANGLE"],
	"rows": [
		[1, "((BOOT))", "T", 1885, -1320, 180],
		[2, "((DX))", "T", 3705.83, -3224.02, 0],
		[3, "((GIU))", "T", 2800.32, -3735.83, 0],
		[4, "((OK))", "T", 2800.32, -3224.02, 0],
		[5, "((POWER))", "T", 465, -410, 270],
		[6, "((RESET))", "T", 1580.57, -1319.8, 0],
		[7, "((SU))", "T", 2800.32, -2712.2, 0],
		[8, "((SX))", "T", 1894.8, -3224.02, 0],
		[9, "C1", "T", 665, -410, 90],
		[10, "C2", "T", 825, -435, 270],
		[11, "C3", "T", 1025, -435, 270],
		[12, "C4", "T", 1180, -410, 90],
		[13, "C5", "T", 1250, -675, 180],
		[14, "C6", "T", 2580, -2220, 270],
		[15, "C7", "T", 1025, -3540, 90],
		[16, "C8", "T", 1133.45, -3541.23, 90],
		[17, "C9", "T", 1390, -1360, 270],
		[18, "C10", "T", 1325, -3055, 0],
		[19, "C11", "T", 2120, -1320, 0],
		[20, "C13", "T", 505, -1780, 90],
		[21, "C14", "T", 863.92, -1414.26, 90],
		[22, "C15", "T", 2760, -1345, 0],
		[23, "C16", "T", 2760, -1260, 0],
		[24, "C17", "T", 2761.03, -1176.84, 0],
		[25, "C18", "T", 2760.69, -1091.84, 0],
		[26, "C19", "T", 2760, -1005, 0],
		[27, "C20", "T", 2950, -2015, 0],
		[28, "C21", "T", 3355, -1220, 270],
		[29, "C22", "T", 3525, -1220, 90],
		[30, "C23", "T", 3185, -1220, 270],
		[31, "C24", "T", 3555, -860, 180],
		[32, "C25", "T", 3555, -780, 180],
		[33, "C26", "T", 3435, -435, 270],
		[34, "C27", "T", 3075, -345, 90],
		[35, "C28", "T", 3330, -225, 0],
		[36, "CN3", "T", 1770, -2510, 180],
		[37, "F1", "T", 690, -3095, 180],
		[38, "F2", "T", 690, -3465, 180],
		[39, "H1", "T", 2040, -1750, 270],
		[40, "H2", "T", 2160, -1750, 270],
		[41, "H3", "T", 208.92, -1744.26, 270],
		[42, "H4", "T", 515, -1235, 180],
		[43, "H5", "T", 890, -1925, 0],
		[44, "J1", "T", 3430, -1775, 90],
		[45, "L1", "T", 2580, -1440, 0],
		[46, "L2", "T", 3355, -2225, 180],
		[47, "P1", "T", 200, -3185, 270],
		[48, "R1", "T", 495, -895, 0],
		[49, "R2", "T", 495, -975, 0],
		[50, "R3", "T", 3195, -3645, 180],
		[51, "R4", "T", 2485, -2800, 0],
		[52, "R5", "T", 3395, -3315, 0],
		[53, "R6", "T", 3050, -3370, 90],
		[54, "R7", "T", 2265, -3310, 180],
		[55, "R8", "T", 2490, -3825, 0],
		[56, "R9", "T", 3195, -3825, 0],
		[57, "R10", "T", 1250, -590, 180],
		[58, "R11", "T", 2355, -690, 180],
		[59, "R12", "T", 2355, -785, 180],
		[60, "R13", "T", 565, -410, 270],
		[61, "R14", "T", 1345, -3510, 90],
		[62, "R15", "T", 2190, -1005, 90],
		[63, "R16", "T", 1405, -1130, 180],
		[64, "R17", "T", 1975, -1135, 0],
		[65, "R18", "T", 1560, -1130, 0],
		[66, "R19", "T", 1260, -3510, 90],
		[67, "R20", "T", 870, -3210, 270],
		[68, "R21", "T", 750, -3290, 270],
		[69, "R22", "T", 870, -3365, 90],
		[70, "R26", "T", 2760, -1440, 0],
		[71, "R27", "T", 2950, -1930, 180],
		[72, "R28", "T", 2985, -1220, 90],
		[73, "R29", "T", 3095, -1220, 90],
		[74, "R30", "T", 3555, -525, 0],
		[75, "R31", "T", 3440, -1220, 90],
		[76, "R32", "T", 3640, -610, 0],
		[77, "R33", "T", 3270, -1220, 90],
		[78, "R34", "T", 3450, -1045, 180],
		[79, "R35", "T", 2805, -415, 270],
		[80, "R36", "T", 2890, -415, 270],
		[81, "R37", "T", 2975, -415, 270],
		[82, "R38", "T", 3555, -695, 180],
		[83, "RN3", "T", 2840, -865, 90],
		[84, "RN4", "T", 2840, -705, 90],
		[85, "S1", "T", 157.48, -157.48, 0],
		[86, "S2", "T", 3779.53, -157.48, 0],
		[87, "S3", "T", 157.48, -3779.53, 0],
		[88, "S4", "T", 3779.53, -3779.53, 0],
		[89, "S5", "T", 155, -2300, 0],
		[90, "S6", "T", 3784.57, -2312.2, 0],
		[91, "U1", "T", 1730, -665, 0],
		[92, "U3", "T", 2535, -2435, 0],
		[93, "U4", "T", 1390, -3210, 270],
		[94, "U5", "T", 1135, -3275, 90],
		[95, "U11", "T", 753.92, -1654.26, 180],
		[96, "U12", "T", 3205, -805, 0],
		[97, "U13", "T", 520, -3280, 270],
		[98, "U14", "T", 620, -3615, 0],
		[99, "U15", "T", 620, -2940, 0],
		[100, "USB1", "T", 200, -940, 270],
		[101, "X1", "T", 3235, -355, 180]
	]
},
"pins": {
	"fields": ["PIN_NO", "PIN_NAME", "PIN_X", "PIN_Y", "LAYER", "PIN_TYPE", "NET_NAME", "NET_TYPE", "PAD_SHAPE", "PAD_SIZEX", "PAD_SIZEY", "HOLE_SIZE", "PAD_ANGLE"],
	"rows": [
		[1, "((BOOT))_1", 1971.02, -1320, "T", "SMD", "IO0", "", "R", 48.42, 53.54, 0, 180],
		[2, "((BOOT))_2", 1798.98, -1320, "T", "SMD", "GND", "GND", "R", 48.42, 53.54, 0, 180],
		[3, "((DX))_1", 3577.88, -3135.44, "T", "DIP", "BOTTONI", "", "C", 70.87, 70.87, 47.24, 0],
		[4, "((DX))_1", 3577.88, -3135.44, "B", "DIP", "BOTTONI", "", "C", 70.87, 70.87, 47.24, 0],
		[5, "((DX))_2", 3833.78, -3135.44, "T", "DIP", "BOTTONI", "", "C", 70.87, 70.87, 47.24, 0],
		[6, "((DX))_2", 3833.78, -3135.44, "B", "DIP", "BOTTONI", "", "C", 70.87, 70.87, 47.24, 0],
		[7, "((DX))_3", 3577.88, -3312.6, "T", "DIP", "$1N4679", "", "C", 70.87, 70.87, 47.24, 0],
		[8, "((DX))_3", 3577.88, -3312.6, "B", "DIP", "$1N4679", "", "C", 70.87, 70.87, 47.24, 0],
		[9, "((DX))_4", 3833.78, -3312.6, "T", "DIP", "$1N4679", "", "C", 70.87, 70.87, 47.24, 0],
		[10, "((DX))_4", 3833.78, -3312.6, "B", "DIP", "$1N4679", "", "C", 70.87, 70.87, 47.24, 0],
		[11, "((GIU))_1", 2672.36, -3647.25, "T", "DIP", "BOTTONI", "", "C", 70.87, 70.87, 47.24, 0],
		[12, "((GIU))_1", 2672.36, -3647.25, "B", "DIP", "BOTTONI", "", "C", 70.87, 70.87, 47.24, 0],
		[13, "((GIU))_2", 2928.27, -3647.25, "T", "DIP", "BOTTONI", "", "C", 70.87, 70.87, 47.24, 0],
		[14, "((GIU))_2", 2928.27, -3647.25, "B", "DIP", "BOTTONI", "", "C", 70.87, 70.87, 47.24, 0],
		[15, "((GIU))_3", 2672.36, -3824.41, "T", "DIP", "$1N4685", "", "C", 70.87, 70.87, 47.24, 0],
		[16, "((GIU))_3", 2672.36, -3824.41, "B", "DIP", "$1N4685", "", "C", 70.87, 70.87, 47.24, 0],
		[17, "((GIU))_4", 2928.27, -3824.41, "T", "DIP", "$1N4685", "", "C", 70.87, 70.87, 47.24, 0],
		[18, "((GIU))_4", 2928.27, -3824.41, "B", "DIP", "$1N4685", "", "C", 70.87, 70.87, 47.24, 0],
		[19, "((OK))_1", 2672.36, -3135.44, "T", "DIP", "BOTTONI", "", "C", 70.87, 70.87, 47.24, 0],
		[20, "((OK))_1", 2672.36, -3135.44, "B", "DIP", "BOTTONI", "", "C", 70.87, 70.87, 47.24, 0],
		[21, "((OK))_2", 2928.27, -3135.44, "T", "DIP", "BOTTONI", "", "C", 70.87, 70.87, 47.24, 0],
		[22, "((OK))_2", 2928.27, -3135.44, "B", "DIP", "BOTTONI", "", "C", 70.87, 70.87, 47.24, 0],
		[23, "((OK))_3", 2672.36, -3312.6, "T", "DIP", "$1N4683", "", "C", 70.87, 70.87, 47.24, 0],
		[24, "((OK))_3", 2672.36, -3312.6, "B", "DIP", "$1N4683", "", "C", 70.87, 70.87, 47.24, 0],
		[25, "((OK))_4", 2928.27, -3312.6, "T", "DIP", "$1N4683", "", "C", 70.87, 70.87, 47.24, 0],
		[26, "((OK))_4", 2928.27, -3312.6, "B", "DIP", "$1N4683", "", "C", 70.87, 70.87, 47.24, 0],
		[27, "((POWER))_1", 465, -451.35, "T", "SMD", "$1N75284", "", "R", 39.37, 55.1, 0, 90],
		[28, "((POWER))_2", 465, -368.65, "T", "SMD", "GND", "GND", "R", 39.37, 55.1, 0, 90],
		[29, "((RESET))_1", 1494.55, -1319.8, "T", "SMD", "EN", "", "R", 48.42, 53.54, 0, 0],
		[30, "((RESET))_2", 1666.59, -1319.8, "T", "SMD", "GND", "GND", "R", 48.42, 53.54, 0, 0],
		[31, "((SU))_1", 2672.36, -2623.62, "T", "DIP", "BOTTONI", "", "C", 70.87, 70.87, 47.24, 0],
		[32, "((SU))_1", 2672.36, -2623.62, "B", "DIP", "BOTTONI", "", "C", 70.87, 70.87, 47.24, 0],
		[33, "((SU))_2", 2928.27, -2623.62, "T", "DIP", "BOTTONI", "", "C", 70.87, 70.87, 47.24, 0],
		[34, "((SU))_2", 2928.27, -2623.62, "B", "DIP", "BOTTONI", "", "C", 70.87, 70.87, 47.24, 0],
		[35, "((SU))_3", 2672.36, -2800.78, "T", "DIP", "$1N4644", "", "C", 70.87, 70.87, 47.24, 0],
		[36, "((SU))_3", 2672.36, -2800.78, "B", "DIP", "$1N4644", "", "C", 70.87, 70.87, 47.24, 0],
		[37, "((SU))_4", 2928.27, -2800.78, "T", "DIP", "$1N4644", "", "C", 70.87, 70.87, 47.24, 0],
		[38, "((SU))_4", 2928.27, -2800.78, "B", "DIP", "$1N4644", "", "C", 70.87, 70.87, 47.24, 0],
		[39, "((SX))_1", 1766.85, -3135.44, "T", "DIP", "BOTTONI", "", "C", 70.87, 70.87, 47.24, 0],
		[40, "((SX))_1", 1766.85, -3135.44, "B", "DIP", "BOTTONI", "", "C", 70.87, 70.87, 47.24, 0],
		[41, "((SX))_2", 2022.75, -3135.44, "T", "DIP", "BOTTONI", "", "C", 70.87, 70.87, 47.24, 0],
		[42, "((SX))_2", 2022.75, -3135.44, "B", "DIP", "BOTTONI", "", "C", 70.87, 70.87, 47.24, 0],
		[43, "((SX))_3", 1766.85, -3312.6, "T", "DIP", "$1N4681", "", "C", 70.87, 70.87, 47.24, 0],
		[44, "((SX))_3", 1766.85, -3312.6, "B", "DIP", "$1N4681", "", "C", 70.87, 70.87, 47.24, 0],
		[45, "((SX))_4", 2022.75, -3312.6, "T", "DIP", "$1N4681", "", "C", 70.87, 70.87, 47.24, 0],
		[46, "((SX))_4", 2022.75, -3312.6, "B", "DIP", "$1N4681", "", "C", 70.87, 70.87, 47.24, 0],
		[47, "C1_1", 665, -449.37, "T", "SMD", "GND", "GND", "R", 55.51, 53.15, 0, 90],
		[48, "C1_2", 665, -370.63, "T", "SMD", "3V3", "", "R", 55.51, 53.15, 0, 90],
		[49, "C2_1", 825, -364.13, "T", "SMD", "3V3", "", "R", 102.36, 43.31, 0, 270],
		[50, "C2_2", 825, -505.87, "T", "SMD", "GND", "GND", "R", 102.36, 43.31, 0, 270],
		[51, "C3_1", 1025, -364.13, "T", "SMD", "3V3", "", "R", 102.36, 43.31, 0, 270],
		[52, "C3_2", 1025, -505.87, "T", "SMD", "GND", "GND", "R", 102.36, 43.31, 0, 270],
		[53, "C4_1", 1180, -449.37, "T", "SMD", "GND", "GND", "R", 55.51, 53.15, 0, 90],
		[54, "C4_2", 1180, -370.63, "T", "SMD", "3V3", "", "R", 55.51, 53.15, 0, 90],
		[55, "C5_1", 1289.37, -675, "T", "SMD", "EN", "", "R", 55.51, 53.15, 0, 180],
		[56, "C5_2", 1210.63, -675, "T", "SMD", "GND", "GND", "R", 55.51, 53.15, 0, 180],
		[57, "C6_1", 2580, -2180.63, "T", "SMD", "GND", "GND", "R", 55.51, 53.15, 0, 270],
		[58, "C6_2", 2580, -2259.37, "T", "SMD", "3V3", "", "R", 55.51, 53.15, 0, 270],
		[59, "C7_1", 1025, -3579.37, "T", "SMD", "GND", "GND", "R", 55.51, 53.15, 0, 90],
		[60, "C7_2", 1025, -3500.63, "T", "SMD", "5VUSB", "", "R", 55.51, 53.15, 0, 90],
		[61, "C8_1", 1133.45, -3580.6, "T", "SMD", "GND", "GND", "R", 55.51, 53.15, 0, 90],
		[62, "C8_2", 1133.45, -3501.86, "T", "SMD", "5VUSB", "", "R", 55.51, 53.15, 0, 90],
		[63, "C9_1", 1390, -1320.63, "T", "SMD", "EN", "", "R", 55.51, 53.15, 0, 270],
		[64, "C9_2", 1390, -1399.37, "T", "SMD", "GND", "GND", "R", 55.51, 53.15, 0, 270],
		[65, "C10_1", 1285.63, -3055, "T", "SMD", "GND", "GND", "R", 55.51, 53.15, 0, 0],
		[66, "C10_2", 1364.37, -3055, "T", "SMD", "3V3", "", "R", 55.51, 53.15, 0, 0],
		[67, "C11_1", 2080.63, -1320, "T", "SMD", "IO0", "", "R", 55.51, 53.15, 0, 0],
		[68, "C11_2", 2159.37, -1320, "T", "SMD", "GND", "GND", "R", 55.51, 53.15, 0, 0],
		[69, "C13_1", 505, -1819.37, "T", "SMD", "GND", "GND", "R", 55.51, 53.15, 0, 90],
		[70, "C13_2", 505, -1740.63, "T", "SMD", "5VUSB", "", "R", 55.51, 53.15, 0, 90],
		[71, "C14_1", 863.92, -1453.63, "T", "DIP", "3V3", "", "C", 51.18, 51.18, 31.5, 90],
		[72, "C14_1", 863.92, -1453.63, "B", "DIP", "3V3", "", "C", 51.18, 51.18, 31.5, 90],
		[73, "C14_2", 863.92, -1374.89, "T", "DIP", "GND", "GND", "C", 51.18, 51.18, 31.5, 90],
		[74, "C14_2", 863.92, -1374.89, "B", "DIP", "GND", "GND", "C", 51.18, 51.18, 31.5, 90],
		[75, "C15_1", 2720.63, -1345, "T", "SMD", "GND", "GND", "R", 55.51, 53.15, 0, 0],
		[76, "C15_2", 2799.37, -1345, "T", "SMD", "+3.3VNET", "", "R", 55.51, 53.15, 0, 0],
		[77, "C16_1", 2720.63, -1260, "T", "SMD", "GND", "GND", "R", 55.51, 53.15, 0, 0],
		[78, "C16_2", 2799.37, -1260, "T", "SMD", "+3.3VNET", "", "R", 55.51, 53.15, 0, 0],
		[79, "C17_1", 2721.66, -1176.84, "T", "SMD", "GND", "GND", "R", 55.51, 53.15, 0, 0],
		[80, "C17_2", 2800.4, -1176.84, "T", "SMD", "+3.3VNET", "", "R", 55.51, 53.15, 0, 0],
		[81, "C18_1", 2721.32, -1091.84, "T", "SMD", "GND", "GND", "R", 55.51, 53.15, 0, 0],
		[82, "C18_2", 2800.06, -1091.84, "T", "SMD", "+3.3VNET", "", "R", 55.51, 53.15, 0, 0],
		[83, "C19_1", 2720.63, -1005, "T", "SMD", "GND", "GND", "R", 55.51, 53.15, 0, 0],
		[84, "C19_2", 2799.37, -1005, "T", "SMD", "+3.3VNET", "", "R", 55.51, 53.15, 0, 0],
		[85, "C20_1", 2910.63, -2015, "T", "SMD", "GND", "GND", "R", 55.51, 53.15, 0, 0],
		[86, "C20_2", 2989.37, -2015, "T", "SMD", "TCT", "", "R", 55.51, 53.15, 0, 0],
		[87, "C21_1", 3355, -1180.63, "T", "SMD", "RX_P", "", "R", 55.51, 53.15, 0, 270],
		[88, "C21_2", 3355, -1259.37, "T", "SMD", "RX1_P", "", "R", 55.51, 53.15, 0, 270],
		[89, "C22_1", 3525, -1259.37, "T", "SMD", "RCT", "", "R", 55.51, 53.15, 0, 90],
		[90, "C22_2", 3525, -1180.63, "T", "SMD", "GND", "GND", "R", 55.51, 53.15, 0, 90],
		[91, "C23_1", 3185, -1180.63, "T", "SMD", "RX_N", "", "R", 55.51, 53.15, 0, 270],
		[92, "C23_2", 3185, -1259.37, "T", "SMD", "RX1_N", "", "R", 55.51, 53.15, 0, 270],
		[93, "C24_1", 3594.37, -860, "T", "SMD", "GND", "GND", "R", 55.51, 53.15, 0, 180],
		[94, "C24_2", 3515.63, -860, "T", "SMD", "$1N45261", "", "R", 55.51, 53.15, 0, 180],
		[95, "C25_1", 3594.37, -780, "T", "SMD", "GND", "GND", "R", 55.51, 53.15, 0, 180],
		[96, "C25_2", 3515.63, -780, "T", "SMD", "$1N45256", "", "R", 55.51, 53.15, 0, 180],
		[97, "C26_1", 3435, -395.63, "T", "SMD", "GND", "GND", "R", 55.51, 53.15, 0, 270],
		[98, "C26_2", 3435, -474.37, "T", "SMD", "+3.3VNET", "", "R", 55.51, 53.15, 0, 270],
		[99, "C27_1", 3075, -384.37, "T", "SMD", "XO", "", "R", 55.51, 53.15, 0, 90],
		[100, "C27_2", 3075, -305.63, "T", "SMD", "GND", "GND", "R", 55.51, 53.15, 0, 90],
		[101, "C28_1", 3290.63, -225, "T", "SMD", "XI", "", "R", 55.51, 53.15, 0, 0],
		[102, "C28_2", 3369.37, -225, "T", "SMD", "GND", "GND", "R", 55.51, 53.15, 0, 0],
		[103, "CN3_1", 1970, -2460, "T", "DIP", "MOTORE2", "", "R", 74.8, 66.93, 43.31, 180],
		[104, "CN3_1", 1970, -2460, "B", "DIP", "MOTORE2", "", "R", 74.8, 66.93, 43.31, 180],
		[105, "CN3_2", 1970, -2560, "T", "DIP", "MOTORE1", "", "C", 74.8, 74.8, 43.31, 180],
		[106, "CN3_2", 1970, -2560, "B", "DIP", "MOTORE1", "", "C", 74.8, 74.8, 43.31, 180],
		[107, "CN3_3", 1870, -2460, "T", "DIP", "ZEROCROSS", "", "C", 74.8, 74.8, 43.31, 180],
		[108, "CN3_3", 1870, -2460, "B", "DIP", "ZEROCROSS", "", "C", 74.8, 74.8, 43.31, 180],
		[109, "CN3_4", 1870, -2560, "T", "DIP", "5V", "", "C", 74.8, 74.8, 43.31, 180],
		[110, "CN3_4", 1870, -2560, "B", "DIP", "5V", "", "C", 74.8, 74.8, 43.31, 180],
		[111, "CN3_5", 1770, -2460, "T", "DIP", "3V3", "", "C", 74.8, 74.8, 43.31, 180],
		[112, "CN3_5", 1770, -2460, "B", "DIP", "3V3", "", "C", 74.8, 74.8, 43.31, 180],
		[113, "CN3_6", 1770, -2560, "T", "DIP", "5VUSB", "", "C", 74.8, 74.8, 43.31, 180],
		[114, "CN3_6", 1770, -2560, "B", "DIP", "5VUSB", "", "C", 74.8, 74.8, 43.31, 180],
		[115, "CN3_7", 1670, -2460, "T", "DIP", "GND", "GND", "C", 74.8, 74.8, 43.31, 180],
		[116, "CN3_7", 1670, -2460, "B", "DIP", "GND", "GND", "C", 74.8, 74.8, 43.31, 180],
		[117, "CN3_8", 1670, -2560, "T", "DIP", "GND", "GND", "C", 74.8, 74.8, 43.31, 180],
		[118, "CN3_8", 1670, -2560, "B", "DIP", "GND", "GND", "C", 74.8, 74.8, 43.31, 180],
		[119, "CN3_9", 1570, -2460, "T", "DIP", "VALVOLA1", "", "C", 74.8, 74.8, 43.31, 180],
		[120, "CN3_9", 1570, -2460, "B", "DIP", "VALVOLA1", "", "C", 74.8, 74.8, 43.31, 180],
		[121, "CN3_10", 1570, -2560, "T", "DIP", "VALVOLA2", "", "C", 74.8, 74.8, 43.31, 180],
		[122, "CN3_10", 1570, -2560, "B", "DIP", "VALVOLA2", "", "C", 74.8, 74.8, 43.31, 180],
		[123, "F1_1", 746.89, -3095, "T", "SMD", "$1N21803", "", "R", 46.85, 68.03, 0, 180],
		[124, "F1_2", 633.11, -3095, "T", "SMD", "A1/RXI", "", "R", 46.85, 68.03, 0, 180],
		[125, "F2_1", 746.89, -3465, "T", "SMD", "$1N21806", "", "R", 46.85, 68.03, 0, 180],
		[126, "F2_2", 633.11, -3465, "T", "SMD", "B1/TXO", "", "R", 46.85, 68.03, 0, 180],
		[127, "H1_1", 2040, -1550, "T", "DIP", "3V3", "", "R", 66.93, 66.93, 43.31, 270],
		[128, "H1_1", 2040, -1550, "B", "DIP", "3V3", "", "R", 66.93, 66.93, 43.31, 270],
		[129, "H1_2", 2040, -1650, "T", "DIP", "GND", "GND", "C", 66.93, 66.93, 43.31, 270],
		[130, "H1_2", 2040, -1650, "B", "DIP", "GND", "GND", "C", 66.93, 66.93, 43.31, 270],
		[131, "H1_3", 2040, -1750, "T", "DIP", "5VUSB", "", "C", 66.93, 66.93, 43.31, 270],
		[132, "H1_3", 2040, -1750, "B", "DIP", "5VUSB", "", "C", 66.93, 66.93, 43.31, 270],
		[133, "H1_4", 2040, -1850, "T", "DIP", "IIC_SDA", "", "C", 66.93, 66.93, 43.31, 270],
		[134, "H1_4", 2040, -1850, "B", "DIP", "IIC_SDA", "", "C", 66.93, 66.93, 43.31, 270],
		[135, "H1_5", 2040, -1950, "T", "DIP", "IIC_SCL", "", "C", 66.93, 66.93, 43.31, 270],
		[136, "H1_5", 2040, -1950, "B", "DIP", "IIC_SCL", "", "C", 66.93, 66.93, 43.31, 270],
		[137, "H2_1", 2160, -1550, "T", "DIP", "3V3", "", "R", 66.93, 66.93, 43.31, 270],
		[138, "H2_1", 2160, -1550, "B", "DIP", "3V3", "", "R", 66.93, 66.93, 43.31, 270],
		[139, "H2_2", 2160, -1650, "T", "DIP", "GND", "GND", "C", 66.93, 66.93, 43.31, 270],
		[140, "H2_2", 2160, -1650, "B", "DIP", "GND", "GND", "C", 66.93, 66.93, 43.31, 270],
		[141, "H2_3", 2160, -1750, "T", "DIP", "5VUSB", "", "C", 66.93, 66.93, 43.31, 270],
		[142, "H2_3", 2160, -1750, "B", "DIP", "5VUSB", "", "C", 66.93, 66.93, 43.31, 270],
		[143, "H2_4", 2160, -1850, "T", "DIP", "IIC_SDA", "", "C", 66.93, 66.93, 43.31, 270],
		[144, "H2_4", 2160, -1850, "B", "DIP", "IIC_SDA", "", "C", 66.93, 66.93, 43.31, 270],
		[145, "H2_5", 2160, -1950, "T", "DIP", "IIC_SCL", "", "C", 66.93, 66.93, 43.31, 270],
		[146, "H2_5", 2160, -1950, "B", "DIP", "IIC_SCL", "", "C", 66.93, 66.93, 43.31, 270],
		[147, "H3_1", 208.92, -1644.26, "T", "DIP", "VBUS", "", "R", 62, 70.87, 47.24, 270],
		[148, "H3_1", 208.92, -1644.26, "B", "DIP", "VBUS", "", "R", 62, 70.87, 47.24, 270],
		[149, "H3_2", 208.92, -1744.26, "T", "DIP", "5VUSB", "", "C", 70.87, 70.87, 47.24, 270],
		[150, "H3_2", 208.92, -1744.26, "B", "DIP", "5VUSB", "", "C", 70.87, 70.87, 47.24, 270],
		[151, "H3_3", 208.92, -1844.26, "T", "DIP", "5V", "", "C", 70.87, 70.87, 47.24, 270],
		[152, "H3_3", 208.92, -1844.26, "B", "DIP", "5V", "", "C", 70.87, 70.87, 47.24, 270],
		[153, "H4_1", 615, -1235, "T", "DIP", "GND", "GND", "R", 62, 62, 40.16, 180],
		[154, "H4_1", 615, -1235, "B", "DIP", "GND", "GND", "R", 62, 62, 40.16, 180],
		[155, "H4_2", 515, -1235, "T", "DIP", "3V3", "", "C", 62, 62, 40.16, 180],
		[156, "H4_2", 515, -1235, "B", "DIP", "3V3", "", "C", 62, 62, 40.16, 180],
		[157, "H4_3", 415, -1235, "T", "DIP", "5VUSB", "", "C", 62, 62, 40.16, 180],
		[158, "H4_3", 415, -1235, "B", "DIP", "5VUSB", "", "C", 62, 62, 40.16, 180],
		[159, "H5_1", 890, -1925, "T", "DIP", "MOTORE3", "", "R", 55.12, 55.12, 35.43, 0],
		[160, "H5_1", 890, -1925, "B", "DIP", "MOTORE3", "", "R", 55.12, 55.12, 35.43, 0],
		[161, "J1_1", 3258.54, -1950.2, "T", "DIP", "TX_P", "", "R", 62.99, 62.99, 39.37, 90],
		[162, "J1_1", 3258.54, -1950.2, "B", "DIP", "TX_P", "", "R", 62.99, 62.99, 39.37, 90],
		[163, "J1_2", 3158.55, -1900.2, "T", "DIP", "TX_N", "", "C", 62.99, 62.99, 39.37, 90],
		[164, "J1_2", 3158.55, -1900.2, "B", "DIP", "TX_N", "", "C", 62.99, 62.99, 39.37, 90],
		[165, "J1_3", 3258.54, -1850.2, "T", "DIP", "RX1_P", "", "C", 62.99, 62.99, 39.37, 90],
		[166, "J1_3", 3258.54, -1850.2, "B", "DIP", "RX1_P", "", "C", 62.99, 62.99, 39.37, 90],
		[167, "J1_4", 3158.55, -1800.2, "T", "DIP", "TCT", "", "C", 62.99, 62.99, 39.37, 90],
		[168, "J1_4", 3158.55, -1800.2, "B", "DIP", "TCT", "", "C", 62.99, 62.99, 39.37, 90],
		[169, "J1_5", 3258.54, -1750.2, "T", "DIP", "RCT", "", "C", 62.99, 62.99, 39.37, 90],
		[170, "J1_5", 3258.54, -1750.2, "B", "DIP", "RCT", "", "C", 62.99, 62.99, 39.37, 90],
		[171, "J1_6", 3158.55, -1700.2, "T", "DIP", "RX1_N", "", "C", 62.99, 62.99, 39.37, 90],
		[172, "J1_6", 3158.55, -1700.2, "B", "DIP", "RX1_N", "", "C", 62.99, 62.99, 39.37, 90],
		[173, "J1_7", 3258.54, -1650.2, "T", "DIP", "J1_7", "", "C", 62.99, 62.99, 39.37, 90],
		[174, "J1_7", 3258.54, -1650.2, "B", "DIP", "J1_7", "", "C", 62.99, 62.99, 39.37, 90],
		[175, "J1_8", 3158.55, -1600.2, "T", "DIP", "GND", "GND", "C", 62.99, 62.99, 39.37, 90],
		[176, "J1_8", 3158.55, -1600.2, "B", "DIP", "GND", "GND", "C", 62.99, 62.99, 39.37, 90],
		[177, "J1_9", 3701.45, -2035.83, "T", "DIP", "LINK", "", "C", 70.87, 70.87, 43.31, 90],
		[178, "J1_9", 3701.45, -2035.83, "B", "DIP", "LINK", "", "C", 70.87, 70.87, 43.31, 90],
		[179, "J1_10", 3701.45, -1935.83, "T", "DIP", "GND", "GND", "C", 70.87, 70.87, 43.31, 90],
		[180, "J1_10", 3701.45, -1935.83, "B", "DIP", "GND", "GND", "C", 70.87, 70.87, 43.31, 90],
		[181, "J1_11", 3701.45, -1614.17, "T", "DIP", "ACT", "", "C", 70.87, 70.87, 43.31, 90],
		[182, "J1_11", 3701.45, -1614.17, "B", "DIP", "ACT", "", "C", 70.87, 70.87, 43.31, 90],
		[183, "J1_12", 3701.45, -1514.17, "T", "DIP", "+3.3VNET", "", "C", 70.87, 70.87, 43.31, 90],
		[184, "J1_12", 3701.45, -1514.17, "B", "DIP", "+3.3VNET", "", "C", 70.87, 70.87, 43.31, 90],
		[185, "J1_SH1", 3388.47, -2079.92, "T", "DIP", "$1N45175", "", "C", 98.42, 98.42, 70.87, 90],
		[186, "J1_SH1", 3388.47, -2079.92, "B", "DIP", "$1N45175", "", "C", 98.42, 98.42, 70.87, 90],
		[187, "J1_SH2", 3388.47, -1470.08, "T", "DIP", "$1N45175", "", "C", 98.42, 98.42, 70.87, 90],
		[188, "J1_SH2", 3388.47, -1470.08, "B", "DIP", "$1N45175", "", "C", 98.42, 98.42, 70.87, 90],
		[189, "L1_1", 2541.96, -1440, "T", "SMD", "3V3", "", "R", 44.59, 54.21, 0, 0],
		[190, "L1_2", 2618.04, -1440, "T", "SMD", "$1N45054", "", "R", 44.59, 54.21, 0, 0],
		[191, "L2_1", 3393.04, -2225, "T", "SMD", "$1N45175", "", "R", 44.59, 54.21, 0, 180],
		[192, "L2_2", 3316.96, -2225, "T", "SMD", "GND", "GND", "R", 44.59, 54.21, 0, 180],
		[193, "P1_1", 200, -2985, "T", "DIP", "GND", "GND", "C", 78.74, 78.74, 51.18, 90],
		[194, "P1_1", 200, -2985, "B", "DIP", "GND", "GND", "C", 78.74, 78.74, 51.18, 90],
		[195, "P1_2", 200, -3185, "T", "DIP", "A1/RXI", "", "C", 78.74, 78.74, 51.18, 90],
		[196, "P1_2", 200, -3185, "B", "DIP", "A1/RXI", "", "C", 78.74, 78.74, 51.18, 90],
		[197, "P1_3", 200, -3385, "T", "DIP", "B1/TXO", "", "C", 78.74, 78.74, 51.18, 90],
		[198, "P1_3", 200, -3385, "B", "DIP", "B1/TXO", "", "C", 78.74, 78.74, 51.18, 90],
		[199, "R1_1", 456.96, -895, "T", "SMD", "USBC_N", "", "R", 44.59, 54.21, 0, 0],
		[200, "R1_2", 533.04, -895, "T", "SMD", "DPP_N", "", "R", 44.59, 54.21, 0, 0],
		[201, "R2_1", 456.96, -975, "T", "SMD", "USBC_P", "", "R", 44.59, 54.21, 0, 0],
		[202, "R2_2", 533.04, -975, "T", "SMD", "DPP_P", "", "R", 44.59, 54.21, 0, 0],
		[203, "R3_1", 3253.22, -3645, "T", "SMD", "GND", "GND", "R", 47.54, 66.97, 0, 180],
		[204, "R3_2", 3136.78, -3645, "T", "SMD", "BOTTONI", "", "R", 47.54, 66.97, 0, 180],
		[205, "R4_1", 2426.78, -2800, "T", "SMD", "3V3", "", "R", 47.54, 66.97, 0, 0],
		[206, "R4_2", 2543.22, -2800, "T", "SMD", "$1N4644", "", "R", 47.54, 66.97, 0, 0],
		[207, "R5_1", 3336.78, -3315, "T", "SMD", "$1N4644", "", "R", 47.54, 66.97, 0, 0],
		[208, "R5_2", 3453.22, -3315, "T", "SMD", "$1N4679", "", "R", 47.54, 66.97, 0, 0],
		[209, "R6_1", 3050, -3428.22, "T", "SMD", "$1N4679", "", "R", 47.54, 66.97, 0, 90],
		[210, "R6_2", 3050, -3311.78, "T", "SMD", "$1N4683", "", "R", 47.54, 66.97, 0, 90],
		[211, "R7_1", 2323.22, -3310, "T", "SMD", "$1N4683", "", "R", 47.54, 66.97, 0, 180],
		[212, "R7_2", 2206.78, -3310, "T", "SMD", "$1N4681", "", "R", 47.54, 66.97, 0, 180],
		[213, "R8_1", 2431.78, -3825, "T", "SMD", "$1N4681", "", "R", 47.54, 66.97, 0, 0],
		[214, "R8_2", 2548.22, -3825, "T", "SMD", "$1N4685", "", "R", 47.54, 66.97, 0, 0],
		[215, "R9_1", 3136.78, -3825, "T", "SMD", "$1N4685", "", "R", 47.54, 66.97, 0, 0],
		[216, "R9_2", 3253.22, -3825, "T", "SMD", "GND", "GND", "R", 47.54, 66.97, 0, 0],
		[217, "R10_1", 1289.37, -590, "T", "SMD", "EN", "", "R", 44.59, 54.21, 0, 180],
		[218, "R10_2", 1210.63, -590, "T", "SMD", "3V3", "", "R", 44.59, 54.21, 0, 180],
		[219, "R11_1", 2394.37, -690, "T", "SMD", "3V3", "", "R", 44.59, 54.21, 0, 180],
		[220, "R11_2", 2315.63, -690, "T", "SMD", "IIC_SDA", "", "R", 44.59, 54.21, 0, 180],
		[221, "R12_1", 2394.37, -785, "T", "SMD", "3V3", "", "R", 44.59, 54.21, 0, 180],
		[222, "R12_2", 2315.63, -785, "T", "SMD", "IIC_SCL", "", "R", 44.59, 54.21, 0, 180],
		[223, "R13_1", 565, -370.63, "T", "SMD", "3V3", "", "R", 44.59, 54.21, 0, 270],
		[224, "R13_2", 565, -449.37, "T", "SMD", "$1N75284", "", "R", 44.59, 54.21, 0, 270],
		[225, "R14_1", 1345, -3549.37, "T", "SMD", "5VUSB", "", "R", 44.59, 54.21, 0, 90],
		[226, "R14_2", 1345, -3470.63, "T", "SMD", "485_RXI3", "", "R", 44.59, 54.21, 0, 90],
		[227, "R15_1", 2190, -1044.37, "T", "SMD", "3V3", "", "R", 44.59, 54.21, 0, 90],
		[228, "R15_2", 2190, -965.63, "T", "SMD", "IO0", "", "R", 44.59, 54.21, 0, 90],
		[229, "R16_1", 1444.37, -1130, "T", "SMD", "$1N45063", "", "R", 44.59, 54.21, 0, 180],
		[230, "R16_2", 1365.63, -1130, "T", "SMD", "3V3", "", "R", 44.59, 54.21, 0, 180],
		[231, "R17_1", 1935.63, -1135, "T", "SMD", "GND", "GND", "R", 44.59, 54.21, 0, 0],
		[232, "R17_2", 2014.37, -1135, "T", "SMD", "IO45", "", "R", 44.59, 54.21, 0, 0],
		[233, "R18_1", 1520.63, -1130, "T", "SMD", "IO46", "", "R", 44.59, 54.21, 0, 0],
		[234, "R18_2", 1599.37, -1130, "T", "SMD", "GND", "GND", "R", 44.59, 54.21, 0, 0],
		[235, "R19_1", 1260, -3549.37, "T", "SMD", "5VUSB", "", "R", 44.59, 54.21, 0, 90],
		[236, "R19_2", 1260, -3470.63, "T", "SMD", "$1N21814", "", "R", 44.59, 54.21, 0, 90],
		[237, "R20_1", 870, -3170.63, "T", "SMD", "5VUSB", "", "R", 44.59, 54.21, 0, 270],
		[238, "R20_2", 870, -3249.37, "T", "SMD", "$1N21803", "", "R", 44.59, 54.21, 0, 270],
		[239, "R21_1", 750, -3250.63, "T", "SMD", "$1N21803", "", "R", 44.59, 54.21, 0, 270],
		[240, "R21_2", 750, -3329.37, "T", "SMD", "$1N21806", "", "R", 44.59, 54.21, 0, 270],
		[241, "R22_1", 870, -3404.37, "T", "SMD", "GND", "GND", "R", 44.59, 54.21, 0, 90],
		[242, "R22_2", 870, -3325.63, "T", "SMD", "$1N21806", "", "R", 44.59, 54.21, 0, 90],
		[243, "R26_1", 2720.63, -1440, "T", "SMD", "$1N45054", "", "R", 44.59, 54.21, 0, 0],
		[244, "R26_2", 2799.37, -1440, "T", "SMD", "+3.3VNET", "", "R", 44.59, 54.21, 0, 0],
		[245, "R27_1", 2988.04, -1930, "T", "SMD", "TCT", "", "R", 44.59, 54.21, 0, 180],
		[246, "R27_2", 2911.96, -1930, "T", "SMD", "+3.3VNET", "", "R", 44.59, 54.21, 0, 180],
		[247, "R28_1", 2985, -1259.37, "T", "SMD", "TX_N", "", "R", 44.59, 54.21, 0, 90],
		[248, "R28_2", 2985, -1180.63, "T", "SMD", "+3.3VNET", "", "R", 44.59, 54.21, 0, 90],
		[249, "R29_1", 3095, -1259.37, "T", "SMD", "TX_P", "", "R", 44.59, 54.21, 0, 90],
		[250, "R29_2", 3095, -1180.63, "T", "SMD", "+3.3VNET", "", "R", 44.59, 54.21, 0, 90],
		[251, "R30_1", 3515.63, -525, "T", "SMD", "LED_ACT", "", "R", 44.59, 54.21, 0, 0],
		[252, "R30_2", 3594.37, -525, "T", "SMD", "ACT", "", "R", 44.59, 54.21, 0, 0],
		[253, "R31_1", 3440, -1259.37, "T", "SMD", "RCT", "", "R", 44.59, 54.21, 0, 90],
		[254, "R31_2", 3440, -1180.63, "T", "SMD", "RX_P", "", "R", 44.59, 54.21, 0, 90],
		[255, "R32_1", 3600.63, -610, "T", "SMD", "LED_LINK", "", "R", 44.59, 54.21, 0, 0],
		[256, "R32_2", 3679.37, -610, "T", "SMD", "LINK", "", "R", 44.59, 54.21, 0, 0],
		[257, "R33_1", 3270, -1259.37, "T", "SMD", "RCT", "", "R", 44.59, 54.21, 0, 90],
		[258, "R33_2", 3270, -1180.63, "T", "SMD", "RX_N", "", "R", 44.59, 54.21, 0, 90],
		[259, "R34_1", 3489.37, -1045, "T", "SMD", "GND", "GND", "R", 44.59, 54.21, 0, 180],
		[260, "R34_2", 3410.63, -1045, "T", "SMD", "$1N45158", "", "R", 44.59, 54.21, 0, 180],
		[261, "R35_1", 2805, -375.63, "T", "SMD", "+3.3VNET", "", "R", 44.59, 54.21, 0, 270],
		[262, "R35_2", 2805, -454.37, "T", "SMD", "RST_NET", "", "R", 44.59, 54.21, 0, 270],
		[263, "R36_1", 2890, -375.63, "T", "SMD", "+3.3VNET", "", "R", 44.59, 54.21, 0, 270],
		[264, "R36_2", 2890, -454.37, "T", "SMD", "INT_NET", "", "R", 44.59, 54.21, 0, 270],
		[265, "R37_1", 2975, -375.63, "T", "SMD", "+3.3VNET", "", "R", 44.59, 54.21, 0, 270],
		[266, "R37_2", 2975, -454.37, "T", "SMD", "SPI1_CS", "", "R", 44.59, 54.21, 0, 270],
		[267, "R38_1", 3594.37, -695, "T", "SMD", "GND", "GND", "R", 44.59, 54.21, 0, 180],
		[268, "R38_2", 3515.63, -695, "T", "SMD", "$1N45255", "", "R", 44.59, 54.21, 0, 180],
		[269, "RN3_1", 2875.43, -912.24, "T", "SMD", "$1N45147", "", "R", 25.59, 31.5, 0, 90],
		[270, "RN3_2", 2875.43, -880.75, "T", "SMD", "$1N45146", "", "R", 19.68, 31.5, 0, 90],
		[271, "RN3_3", 2875.43, -849.25, "T", "SMD", "$1N45139", "", "R", 19.68, 31.5, 0, 90],
		[272, "RN3_4", 2875.43, -817.76, "T", "SMD", "$1N45140", "", "R", 25.59, 31.5, 0, 90],
		[273, "RN3_5", 2804.57, -817.76, "T", "SMD", "GND", "GND", "R", 25.59, 31.5, 0, 90],
		[274, "RN3_6", 2804.57, -849.25, "T", "SMD", "+3.3VNET", "", "R", 19.68, 31.5, 0, 90],
		[275, "RN3_7", 2804.57, -880.75, "T", "SMD", "+3.3VNET", "", "R", 19.68, 31.5, 0, 90],
		[276, "RN3_8", 2804.57, -912.24, "T", "SMD", "+3.3VNET", "", "R", 25.59, 31.5, 0, 90],
		[277, "RN4_1", 2875.43, -752.24, "T", "SMD", "$1N45141", "", "R", 25.59, 31.5, 0, 90],
		[278, "RN4_2", 2875.43, -720.75, "T", "SMD", "$1N45142", "", "R", 19.68, 31.5, 0, 90],
		[279, "RN4_3", 2875.43, -689.25, "T", "SMD", "$1N45137", "", "R", 19.68, 31.5, 0, 90],
		[280, "RN4_4", 2875.43, -657.76, "T", "SMD", "$1N45138", "", "R", 25.59, 31.5, 0, 90],
		[281, "RN4_5", 2804.57, -657.76, "T", "SMD", "GND", "GND", "R", 25.59, 31.5, 0, 90],
		[282, "RN4_6", 2804.57, -689.25, "T", "SMD", "GND", "GND", "R", 19.68, 31.5, 0, 90],
		[283, "RN4_7", 2804.57, -720.75, "T", "SMD", "GND", "GND", "R", 19.68, 31.5, 0, 90],
		[284, "RN4_8", 2804.57, -752.24, "T", "SMD", "GND", "GND", "R", 25.59, 31.5, 0, 90],
		[285, "S1_1", 157.48, -157.48, "T", "DIP", "S1_1", "", "C", 177.17, 177.17, 157.48, 0],
		[286, "S1_1", 157.48, -157.48, "B", "DIP", "S1_1", "", "C", 177.17, 177.17, 157.48, 0],
		[287, "S2_1", 3779.53, -157.48, "T", "DIP", "S2_1", "", "C", 177.17, 177.17, 157.48, 0],
		[288, "S2_1", 3779.53, -157.48, "B", "DIP", "S2_1", "", "C", 177.17, 177.17, 157.48, 0],
		[289, "S3_1", 157.48, -3779.53, "T", "DIP", "S3_1", "", "C", 177.17, 177.17, 157.48, 0],
		[290, "S3_1", 157.48, -3779.53, "B", "DIP", "S3_1", "", "C", 177.17, 177.17, 157.48, 0],
		[291, "S4_1", 3779.53, -3779.53, "T", "DIP", "S4_1", "", "C", 177.17, 177.17, 157.48, 0],
		[292, "S4_1", 3779.53, -3779.53, "B", "DIP", "S4_1", "", "C", 177.17, 177.17, 157.48, 0],
		[293, "S5_1", 155, -2300, "T", "DIP", "S5_1", "", "C", 177.17, 177.17, 157.48, 0],
		[294, "S5_1", 155, -2300, "B", "DIP", "S5_1", "", "C", 177.17, 177.17, 157.48, 0],
		[295, "S6_1", 3784.57, -2312.2, "T", "DIP", "S6_1", "", "C", 177.17, 177.17, 157.48, 0],
		[296, "S6_1", 3784.57, -2312.2, "B", "DIP", "S6_1", "", "C", 177.17, 177.17, 157.48, 0],
		[297, "U1_1", 1385.51, -314.81, "T", "SMD", "GND", "GND", "R", 59.05, 35.43, 0, 0],
		[298, "U1_2", 1385.51, -364.81, "T", "SMD", "3V3", "", "R", 59.05, 35.43, 0, 0],
		[299, "U1_3", 1385.51, -414.81, "T", "SMD", "EN", "", "R", 59.05, 35.43, 0, 0],
		[300, "U1_4", 1385.51, -464.81, "T", "SMD", "U1_4", "", "R", 59.05, 35.43, 0, 0],
		[301, "U1_5", 1385.51, -514.8, "T", "SMD", "VALVOLA1", "", "R", 59.05, 35.43, 0, 0],
		[302, "U1_6", 1385.51, -564.8, "T", "SMD", "U1_6", "", "R", 59.05, 35.43, 0, 0],
		[303, "U1_7", 1385.51, -614.8, "T", "SMD", "U1_7", "", "R", 59.05, 35.43, 0, 0],
		[304, "U1_8", 1385.51, -664.81, "T", "SMD", "485RX", "", "R", 59.05, 35.43, 0, 0],
		[305, "U1_9", 1385.51, -714.81, "T", "SMD", "485TX", "", "R", 59.05, 35.43, 0, 0],
		[306, "U1_10", 1385.51, -764.81, "T", "SMD", "VALVOLA2", "", "R", 59.05, 35.43, 0, 0],
		[307, "U1_11", 1385.51, -814.81, "T", "SMD", "IIC_SCL", "", "R", 59.05, 35.43, 0, 0],
		[308, "U1_12", 1385.51, -864.81, "T", "SMD", "IIC_SDA", "", "R", 59.05, 35.43, 0, 0],
		[309, "U1_13", 1385.51, -914.81, "T", "SMD", "DPP_N", "", "R", 59.05, 35.43, 0, 0],
		[310, "U1_14", 1385.51, -964.81, "T", "SMD", "DPP_P", "", "R", 59.05, 35.43, 0, 0],
		[311, "U1_15", 1455, -1015.19, "T", "SMD", "$1N45063", "", "R", 59.05, 35.43, 0, 90],
		[312, "U1_16", 1505, -1015.19, "T", "SMD", "IO46", "", "R", 59.05, 35.43, 0, 90],
		[313, "U1_17", 1555, -1015.19, "T", "SMD", "U1_17", "", "R", 59.05, 35.43, 0, 90],
		[314, "U1_18", 1605, -1015.19, "T", "SMD", "U1_18", "", "R", 59.05, 35.43, 0, 90],
		[315, "U1_19", 1655, -1015.19, "T", "SMD", "U1_19", "", "R", 59.05, 35.43, 0, 90],
		[316, "U1_20", 1705, -1015.19, "T", "SMD", "MOTORE3", "", "R", 59.05, 35.43, 0, 90],
		[317, "U1_21", 1755, -1015.19, "T", "SMD", "MOTORE2", "", "R", 59.05, 35.43, 0, 90],
		[318, "U1_22", 1805, -1015.19, "T", "SMD", "MOTORE1", "", "R", 59.05, 35.43, 0, 90],
		[319, "U1_23", 1855, -1015.19, "T", "SMD", "U1_23", "", "R", 59.05, 35.43, 0, 90],
		[320, "U1_24", 1905, -1015.19, "T", "SMD", "U1_24", "", "R", 59.05, 35.43, 0, 90],
		[321, "U1_25", 1955, -1015.19, "T", "SMD", "U1_25", "", "R", 59.05, 35.43, 0, 90],
		[322, "U1_26", 2005, -1014.01, "T", "SMD", "IO45", "", "R", 59.05, 35.43, 0, 90],
		[323, "U1_27", 2074.49, -964.81, "T", "SMD", "IO0", "", "R", 59.05, 35.43, 0, 180],
		[324, "U1_28", 2074.49, -914.81, "T", "SMD", "U1_28", "", "R", 59.05, 35.43, 0, 180],
		[325, "U1_29", 2074.49, -864.81, "T", "SMD", "ZEROCROSS", "", "R", 59.05, 35.43, 0, 180],
		[326, "U1_30", 2074.49, -814.81, "T", "SMD", "U1_30", "", "R", 59.05, 35.43, 0, 180],
		[327, "U1_31", 2074.49, -764.81, "T", "SMD", "U1_31", "", "R", 59.05, 35.43, 0, 180],
		[328, "U1_32", 2074.49, -714.81, "T", "SMD", "U1_32", "", "R", 59.05, 35.43, 0, 180],
		[329, "U1_33", 2074.49, -664.81, "T", "SMD", "U1_33", "", "R", 59.05, 35.43, 0, 180],
		[330, "U1_34", 2074.49, -614.8, "T", "SMD", "SPI1_CS", "", "R", 59.05, 35.43, 0, 180],
		[331, "U1_35", 2074.49, -564.8, "T", "SMD", "SPI1_MISO", "", "R", 59.05, 35.43, 0, 180],
		[332, "U1_36", 2074.49, -514.8, "T", "SMD", "SPI1_MOSI", "", "R", 59.05, 35.43, 0, 180],
		[333, "U1_37", 2074.49, -464.81, "T", "SMD", "SPI1_SCK", "", "R", 59.05, 35.43, 0, 180],
		[334, "U1_38", 2074.49, -414.81, "T", "SMD", "INT_NET", "", "R", 59.05, 35.43, 0, 180],
		[335, "U1_39", 2074.49, -364.81, "T", "SMD", "RST_NET", "", "R", 59.05, 35.43, 0, 180],
		[336, "U1_40", 2074.49, -314.81, "T", "SMD", "GND", "GND", "R", 59.05, 35.43, 0, 180],
		[337, "U1_41", 1726.06, -673.87, "T", "SMD", "GND", "GND", "R", 35.43, 35.43, 0, 90],
		[338, "U1_41", 1670.94, -673.87, "T", "SMD", "GND", "GND", "R", 35.43, 35.43, 0, 90],
		[339, "U1_41", 1615.82, -673.87, "T", "SMD", "GND", "GND", "R", 35.43, 35.43, 0, 90],
		[340, "U1_41", 1615.82, -563.63, "T", "SMD", "GND", "GND", "R", 35.43, 35.43, 0, 90],
		[341, "U1_41", 1670.94, -563.63, "T", "SMD", "GND", "GND", "R", 35.43, 35.43, 0, 90],
		[342, "U1_41", 1726.06, -563.63, "T", "SMD", "GND", "GND", "R", 35.43, 35.43, 0, 90],
		[343, "U1_41", 1726.06, -618.75, "T", "SMD", "GND", "GND", "R", 35.43, 35.43, 0, 90],
		[344, "U1_41", 1615.82, -618.75, "T", "SMD", "GND", "GND", "R", 35.43, 35.43, 0, 90],
		[345, "U1_41", 1670.94, -618.75, "T", "SMD", "GND", "GND", "R", 35.43, 35.43, 0, 90],
		[346, "U3_1", 2495.63, -2518.07, "T", "SMD", "GND", "GND", "O", 11.02, 63.78, 0, 0],
		[347, "U3_2", 2515.32, -2518.07, "T", "SMD", "U3_2", "", "O", 11.02, 63.78, 0, 0],
		[348, "U3_3", 2535, -2518.07, "T", "SMD", "GND", "GND", "O", 11.02, 63.78, 0, 0],
		[349, "U3_4", 2554.69, -2518.07, "T", "SMD", "BOTTONI", "", "O", 11.02, 63.78, 0, 0],
		[350, "U3_5", 2574.37, -2518.07, "T", "SMD", "U3_5", "", "O", 11.02, 63.78, 0, 0],
		[351, "U3_6", 2574.37, -2351.93, "T", "SMD", "U3_6", "", "O", 11.02, 63.78, 0, 0],
		[352, "U3_7", 2554.69, -2351.93, "T", "SMD", "U3_7", "", "O", 11.02, 63.78, 0, 0],
		[353, "U3_8", 2535, -2351.93, "T", "SMD", "3V3", "", "O", 11.02, 63.78, 0, 0],
		[354, "U3_9", 2515.32, -2351.93, "T", "SMD", "IIC_SDA", "", "O", 11.02, 63.78, 0, 0],
		[355, "U3_10", 2495.63, -2351.93, "T", "SMD", "IIC_SCL", "", "O", 11.02, 63.78, 0, 0],
		[356, "U4_1", 1364.41, -3251.34, "T", "SMD", "GND", "GND", "R", 15.75, 31.5, 0, 180],
		[357, "U4_2", 1390, -3251.34, "T", "SMD", "485_RXI3", "", "R", 15.75, 31.5, 0, 180],
		[358, "U4_3", 1415.59, -3251.34, "T", "SMD", "GND", "GND", "R", 15.75, 31.5, 0, 180],
		[359, "U4_4", 1415.59, -3168.66, "T", "SMD", "485RX", "", "R", 15.75, 31.5, 0, 180],
		[360, "U4_5", 1364.41, -3168.66, "T", "SMD", "3V3", "", "R", 15.75, 31.5, 0, 180],
		[361, "U5_1", 1244.15, -3350, "T", "SMD", "485_RXI3", "", "O", 23.15, 80.51, 0, 90],
		[362, "U5_2", 1244.15, -3300, "T", "SMD", "$1N21814", "", "O", 23.15, 80.51, 0, 90],
		[363, "U5_3", 1244.15, -3250, "T", "SMD", "$1N21814", "", "O", 23.15, 80.51, 0, 90],
		[364, "U5_4", 1244.15, -3200, "T", "SMD", "485TX", "", "O", 23.15, 80.51, 0, 90],
		[365, "U5_5", 1025.85, -3200, "T", "SMD", "GND", "GND", "O", 23.15, 80.51, 0, 90],
		[366, "U5_6", 1025.85, -3250, "T", "SMD", "$1N21803", "", "O", 23.15, 80.51, 0, 90],
		[367, "U5_7", 1025.85, -3300, "T", "SMD", "$1N21806", "", "O", 23.15, 80.51, 0, 90],
		[368, "U5_8", 1025.85, -3350, "T", "SMD", "5VUSB", "", "O", 23.15, 80.51, 0, 90],
		[369, "U11_1", 642.31, -1563.71, "T", "SMD", "GND", "GND", "R", 97.24, 38.58, 0, 180],
		[370, "U11_2", 642.31, -1654.26, "T", "SMD", "3V3", "", "R", 97.24, 38.58, 0, 180],
		[371, "U11_3", 642.31, -1744.81, "T", "SMD", "5VUSB", "", "R", 97.24, 38.58, 0, 180],
		[372, "U11_4", 865.53, -1654.26, "T", "SMD", "3V3", "", "R", 97.24, 141.73, 0, 180],
		[373, "U12_1", 3096.73, -972.32, "T", "SMD", "TX_N", "", "O", 10.63, 59.05, 0, 0],
		[374, "U12_2", 3116.42, -972.32, "T", "SMD", "TX_P", "", "O", 10.63, 59.05, 0, 0],
		[375, "U12_3", 3136.1, -972.32, "T", "SMD", "GND", "GND", "O", 10.63, 59.05, 0, 0],
		[376, "U12_4", 3155.79, -972.32, "T", "SMD", "+3.3VNET", "", "O", 10.63, 59.05, 0, 0],
		[377, "U12_5", 3175.47, -972.32, "T", "SMD", "RX_N", "", "O", 10.63, 59.05, 0, 0],
		[378, "U12_6", 3195.16, -972.32, "T", "SMD", "RX_P", "", "O", 10.63, 59.05, 0, 0],
		[379, "U12_7", 3214.84, -972.32, "T", "SMD", "U12_7", "", "O", 10.63, 59.05, 0, 0],
		[380, "U12_8", 3234.53, -972.32, "T", "SMD", "+3.3VNET", "", "O", 10.63, 59.05, 0, 0],
		[381, "U12_9", 3254.21, -972.32, "T", "SMD", "GND", "GND", "O", 10.63, 59.05, 0, 0],
		[382, "U12_10", 3273.9, -972.32, "T", "SMD", "$1N45158", "", "O", 10.63, 59.05, 0, 0],
		[383, "U12_11", 3293.58, -972.32, "T", "SMD", "+3.3VNET", "", "O", 10.63, 59.05, 0, 0],
		[384, "U12_12", 3313.27, -972.32, "T", "SMD", "U12_12", "", "O", 10.63, 59.05, 0, 0],
		[385, "U12_13", 3372.32, -913.27, "T", "SMD", "U12_13", "", "O", 59.05, 10.63, 0, 0],
		[386, "U12_14", 3372.32, -893.58, "T", "SMD", "GND", "GND", "O", 59.05, 10.63, 0, 0],
		[387, "U12_15", 3372.32, -873.9, "T", "SMD", "+3.3VNET", "", "O", 59.05, 10.63, 0, 0],
		[388, "U12_16", 3372.32, -854.21, "T", "SMD", "GND", "GND", "O", 59.05, 10.63, 0, 0],
		[389, "U12_17", 3372.32, -834.53, "T", "SMD", "+3.3VNET", "", "O", 59.05, 10.63, 0, 0],
		[390, "U12_18", 3372.32, -814.84, "T", "SMD", "U12_18", "", "O", 59.05, 10.63, 0, 0],
		[391, "U12_19", 3372.32, -795.16, "T", "SMD", "GND", "GND", "O", 59.05, 10.63, 0, 0],
		[392, "U12_20", 3372.32, -775.47, "T", "SMD", "$1N45261", "", "O", 59.05, 10.63, 0, 0],
		[393, "U12_21", 3372.32, -755.79, "T", "SMD", "+3.3VNET", "", "O", 59.05, 10.63, 0, 0],
		[394, "U12_22", 3372.32, -736.1, "T", "SMD", "$1N45256", "", "O", 59.05, 10.63, 0, 0],
		[395, "U12_23", 3372.32, -716.42, "T", "SMD", "$1N45255", "", "O", 59.05, 10.63, 0, 0],
		[396, "U12_24", 3372.32, -696.73, "T", "SMD", "U12_24", "", "O", 59.05, 10.63, 0, 0],
		[397, "U12_25", 3313.27, -637.68, "T", "SMD", "LED_LINK", "", "O", 10.63, 59.05, 0, 0],
		[398, "U12_26", 3293.58, -637.68, "T", "SMD", "U12_26", "", "O", 10.63, 59.05, 0, 0],
		[399, "U12_27", 3273.9, -637.68, "T", "SMD", "LED_ACT", "", "O", 10.63, 59.05, 0, 0],
		[400, "U12_28", 3254.21, -637.68, "T", "SMD", "+3.3VNET", "", "O", 10.63, 59.05, 0, 0],
		[401, "U12_29", 3234.53, -637.68, "T", "SMD", "GND", "GND", "O", 10.63, 59.05, 0, 0],
		[402, "U12_30", 3214.84, -637.68, "T", "SMD", "XI", "", "O", 10.63, 59.05, 0, 0],
		[403, "U12_31", 3195.16, -637.68, "T", "SMD", "XO", "", "O", 10.63, 59.05, 0, 0],
		[404, "U12_32", 3175.47, -637.68, "T", "SMD", "SPI1_CS", "", "O", 10.63, 59.05, 0, 0],
		[405, "U12_33", 3155.79, -637.68, "T", "SMD", "SPI1_SCK", "", "O", 10.63, 59.05, 0, 0],
		[406, "U12_34", 3136.1, -637.68, "T", "SMD", "SPI1_MISO", "", "O", 10.63, 59.05, 0, 0],
		[407, "U12_35", 3116.42, -637.68, "T", "SMD", "SPI1_MOSI", "", "O", 10.63, 59.05, 0, 0],
		[408, "U12_36", 3096.73, -637.68, "T", "SMD", "INT_NET", "", "O", 10.63, 59.05, 0, 0],
		[409, "U12_37", 3037.68, -696.73, "T", "SMD", "RST_NET", "", "O", 59.05, 10.63, 0, 0],
		[410, "U12_38", 3037.68, -716.42, "T", "SMD", "$1N45138", "", "O", 59.05, 10.63, 0, 0],
		[411, "U12_39", 3037.68, -736.1, "T", "SMD", "$1N45137", "", "O", 59.05, 10.63, 0, 0],
		[412, "U12_40", 3037.68, -755.79, "T", "SMD", "$1N45142", "", "O", 59.05, 10.63, 0, 0],
		[413, "U12_41", 3037.68, -775.47, "T", "SMD", "$1N45141", "", "O", 59.05, 10.63, 0, 0],
		[414, "U12_42", 3037.68, -795.16, "T", "SMD", "$1N45140", "", "O", 59.05, 10.63, 0, 0],
		[415, "U12_43", 3037.68, -814.84, "T", "SMD", "$1N45139", "", "O", 59.05, 10.63, 0, 0],
		[416, "U12_44", 3037.68, -834.53, "T", "SMD", "$1N45146", "", "O", 59.05, 10.63, 0, 0],
		[417, "U12_45", 3037.68, -854.21, "T", "SMD", "$1N45147", "", "O", 59.05, 10.63, 0, 0],
		[418, "U12_46", 3037.68, -873.9, "T", "SMD", "U12_46", "", "O", 59.05, 10.63, 0, 0],
		[419, "U12_47", 3037.68, -893.58, "T", "SMD", "U12_47", "", "O", 59.05, 10.63, 0, 0],
		[420, "U12_48", 3037.68, -913.27, "T", "SMD", "GND", "GND", "O", 59.05, 10.63, 0, 0],
		[421, "U13_1", 520, -3187.06, "T", "SMD", "A1/RXI", "", "R", 80.61, 86.31, 0, 270],
		[422, "U13_2", 520, -3372.94, "T", "SMD", "B1/TXO", "", "R", 80.61, 86.31, 0, 270],
		[423, "U14_1", 527.06, -3615, "T", "SMD", "B1/TXO", "", "R", 80.61, 86.31, 0, 0],
		[424, "U14_2", 712.94, -3615, "T", "SMD", "GND", "GND", "R", 80.61, 86.31, 0, 0],
		[425, "U15_1", 527.06, -2940, "T", "SMD", "A1/RXI", "", "R", 80.61, 86.31, 0, 0],
		[426, "U15_2", 712.94, -2940, "T", "SMD", "GND", "GND", "R", 80.61, 86.31, 0, 0],
		[427, "USB1_1", 301.38, -814.01, "T", "SMD", "GND", "GND", "R", 21.65, 55.12, 0, 270],
		[428, "USB1_2", 301.38, -845.52, "T", "SMD", "VBUS", "", "R", 21.65, 55.12, 0, 270],
		[429, "USB1_3", 301.38, -871.11, "T", "SMD", "USB1_3", "", "R", 11.81, 55.12, 0, 270],
		[430, "USB1_4", 301.38, -890.79, "T", "SMD", "USB1_4", "", "R", 11.81, 55.12, 0, 270],
		[431, "USB1_5", 301.38, -910.48, "T", "SMD", "USBC_N", "", "R", 11.81, 55.12, 0, 270],
		[432, "USB1_6", 301.38, -930.15, "T", "SMD", "USBC_P", "", "R", 11.81, 55.12, 0, 270],
		[433, "USB1_7", 301.38, -949.85, "T", "SMD", "USBC_N", "", "R", 11.81, 55.12, 0, 270],
		[434, "USB1_8", 301.38, -969.52, "T", "SMD", "USBC_P", "", "R", 11.81, 55.12, 0, 270],
		[435, "USB1_9", 301.38, -989.21, "T", "SMD", "USB1_9", "", "R", 11.81, 55.12, 0, 270],
		[436, "USB1_10", 301.38, -1008.9, "T", "SMD", "USB1_10", "", "R", 11.81, 55.12, 0, 270],
		[437, "USB1_11", 301.38, -1034.49, "T", "SMD", "VBUS", "", "R", 21.65, 55.12, 0, 270],
		[438, "USB1_12", 301.38, -1065.99, "T", "SMD", "GND", "GND", "R", 21.65, 55.12, 0, 270],
		[439, "USB1_13", 271.86, -769.72, "T", "DIP", "USB1_13", "", "O", 43.31, 78.74, 59.05, 270],
		[440, "USB1_13", 271.86, -769.72, "B", "DIP", "USB1_13", "", "O", 43.31, 78.74, 59.05, 270],
		[441, "USB1_13", 106.49, -769.72, "T", "DIP", "USB1_A_13", "", "O", 47.24, 70.87, 47.24, 270],
		[442, "USB1_13", 106.49, -769.72, "B", "DIP", "USB1_A_13", "", "O", 47.24, 70.87, 47.24, 270],
		[443, "USB1_14", 271.86, -1110.28, "T", "DIP", "USB1_14", "", "O", 43.31, 78.74, 59.06, 270],
		[444, "USB1_14", 271.86, -1110.28, "B", "DIP", "USB1_14", "", "O", 43.31, 78.74, 59.06, 270],
		[445, "USB1_14", 106.5, -1110.28, "T", "DIP", "USB1_A_14", "", "O", 47.24, 70.87, 47.24, 270],
		[446, "USB1_14", 106.5, -1110.28, "B", "DIP", "USB1_A_14", "", "O", 47.24, 70.87, 47.24, 270],
		[447, "X1_1", 3286.18, -321.54, "T", "SMD", "XI", "", "R", 70.87, 47.24, 0, 180],
		[448, "X1_2", 3183.82, -321.54, "T", "SMD", "GND", "GND", "R", 70.87, 47.24, 0, 180],
		[449, "X1_3", 3183.82, -388.47, "T", "SMD", "XO", "", "R", 70.87, 47.24, 0, 180],
		[450, "X1_4", 3286.18, -388.46, "T", "SMD", "GND", "GND", "R", 70.87, 47.24, 0, 180]
	]
}
}