{
"lengthUnit": "mil",
"components": {
	"fields": ["COMPONENT_NO", "COMPONENT_NAME", "LAYER", "X_COORDINATE", "Y_COORDINATE", "ANGLE"],
	"rows": [
		[1, "((RELE'1))", "T", 3070, -1365, 90],
		[2, "((RELE'2))", "T", 3795, -1365, 90],
		[3, "((TENSIONE))", "T", 3048.54, -262.2, 180],
		[4, "C1", "T", 1985, -2755, 90],
		[5, "C2", "T", 725, -1685, 90],
		[6, "C3", "T", 465, -1685, 90],
		[7, "C4", "T", 1635, -1685, 90],
		[8, "C5", "T", 1375, -1685, 90],
		[9, "CN1", "T", 2850, -3695, 0],
		[10, "CN2", "T", 3537.69, -3694.94, 0],
		[11, "CN3", "T", 1025, -270, 0],
		[12, "D1", "T", 2080, -1300, 270],
		[13, "D2", "T", 2890, -2115, 0],
		[14, "D3", "T", 3570, -2115, 0],
		[15, "F2", "T", 2413.46, -3205.49, 0],
		[16, "F3", "T", 1793.46, -3205.49, 0],
		[17, "L1", "T", 2195, -2120, 180],
		[18, "Q1", "T", 2835, -1385, 0],
		[19, "Q2", "T", 485, -2790, 0],
		[20, "Q3", "T", 3530, -1400, 0],
		[21, "Q4", "T", 1400, -2790, 0],
		[22, "R1", "T", 2285, -1570, 90],
		[23, "R2", "T", 2275, -1060, 90],
		[24, "R3", "T", 1560, -470, 45],
		[25, "R4", "T", 2250, -2705, 90],
		[26, "R5", "T", 1880, -1575, 90],
		[27, "R6", "T", 1880, -1050, 90],
		[28, "R7", "T", 3376.57, -262.2, 0],
		[29, "R9", "T", 515, -1105, 0],
		[30, "R10", "T", 515, -1250, 180],
		[31, "R11", "T", 225, -1695, 270],
		[32, "R12", "T", 2835, -1935, 0],
		[33, "R13", "T", 2835, -1820, 0],
		[34, "R15", "T", 1435, -1105, 0],
		[35, "R16", "T", 1435, -1250, 180],
		[36, "R17", "T", 1140, -1705, 270],
		[37, "R18", "T", 3510, -1930, 0],
		[38, "R19", "T", 3510, -1815, 0],
		[39, "R24", "T", 305, -530, 0],
		[40, "R25", "T", 1010, -535, 0],
		[41, "RLY1", "T", 2895, -2615, 270],
		[42, "RLY2", "T", 3570, -2615, 270],
		[43, "SCREW1", "T", 157.48, -157.48, 0],
		[44, "SCREW2", "T", 3779.53, -157.48, 0],
		[45, "SCREW3", "T", 157.48, -3188.98, 0],
		[46, "SCREW4", "T", 3779.53, -3307.09, 0],
		[47, "U2", "T", 1265, -3655, 0],
		[48, "U3", "T", 436.38, -3651.24, 0],
		[49, "U4", "T", 1730, -685, 90],
		[50, "U6", "T", 2090, -3655, 0],
		[51, "U8", "T", 3175, -785, 0],
		[52, "U10", "T", 505, -810, 180],
		[53, "U11", "T", 2850, -1625, 270],
		[54, "U12", "T", 475.56, -2561.01, 0],
		[55, "U13", "T", 1110, -810, 180],
		[56, "U14", "T", 3565, -1635, 270],
		[57, "U15", "T", 1395, -2560, 0]
	]
},
"pins": {
	"fields": ["PIN_NO", "PIN_NAME", "PIN_X", "PIN_Y", "LAYER", "PIN_TYPE", "NET_NAME", "NET_TYPE", "PAD_SHAPE", "PAD_SIZEX", "PAD_SIZEY", "HOLE_SIZE", "PAD_ANGLE"],
	"rows": [
		[1, "((RELE'1))_1", 3070, -1415, "T", "DIP", "$1N2732", "", "C", 60, 60, 36, 90],
		[2, "((RELE'1))_1", 3070, -1415, "B", "DIP", "$1N2732", "", "C", 60, 60, 36, 90],
		[3, "((RELE'1))_2", 3070, -1315, "T", "DIP", "$1N2731", "", "C", 60, 60, 36, 90],
		[4, "((RELE'1))_2", 3070, -1315, "B", "DIP", "$1N2731", "", "C", 60, 60, 36, 90],
		[5, "((RELE'2))_1", 3795, -1415, "T", "DIP", "$1N2787", "", "C", 60, 60, 36, 90],
		[6, "((RELE'2))_1", 3795, -1415, "B", "DIP", "$1N2787", "", "C", 60, 60, 36, 90],
		[7, "((RELE'2))_2", 3795, -1315, "T", "DIP", "$1N2786", "", "C", 60, 60, 36, 90],
		[8, "((RELE'2))_2", 3795, -1315, "B", "DIP", "$1N2786", "", "C", 60, 60, 36, 90],
		[9, "((TENSIONE))_1", 3098.54, -262.2, "T", "DIP", "$1N2748", "", "C", 60, 60, 36, 180],
		[10, "((TENSIONE))_1", 3098.54, -262.2, "B", "DIP", "$1N2748", "", "C", 60, 60, 36, 180],
		[11, "((TENSIONE))_2", 2998.54, -262.2, "T", "DIP", "GND", "GND", "C", 60, 60, 36, 180],
		[12, "((TENSIONE))_2", 2998.54, -262.2, "B", "DIP", "GND", "GND", "C", 60, 60, 36, 180],
		[13, "C1_1", 1985, -2951.85, "T", "DIP", "N", "", "C", 59.05, 59.05, 35.43, 90],
		[14, "C1_1", 1985, -2951.85, "B", "DIP", "N", "", "C", 59.05, 59.05, 35.43, 90],
		[15, "C1_2", 1985, -2558.15, "T", "DIP", "$1N2819", "", "C", 59.05, 59.05, 35.43, 90],
		[16, "C1_2", 1985, -2558.15, "B", "DIP", "$1N2819", "", "C", 59.05, 59.05, 35.43, 90],
		[17, "C2_1", 725, -1881.85, "T", "DIP", "N", "", "C", 78.74, 78.74, 47.24, 90],
		[18, "C2_1", 725, -1881.85, "B", "DIP", "N", "", "C", 78.74, 78.74, 47.24, 90],
		[19, "C2_2", 725, -1488.15, "T", "DIP", "$1N2694", "", "C", 78.74, 78.74, 47.24, 90],
		[20, "C2_2", 725, -1488.15, "B", "DIP", "$1N2694", "", "C", 78.74, 78.74, 47.24, 90],
		[21, "C3_1", 465, -1881.85, "T", "DIP", "N", "", "C", 70.87, 70.87, 39.37, 90],
		[22, "C3_1", 465, -1881.85, "B", "DIP", "N", "", "C", 70.87, 70.87, 39.37, 90],
		[23, "C3_2", 465, -1488.15, "T", "DIP", "$1N2692", "", "C", 70.87, 70.87, 39.37, 90],
		[24, "C3_2", 465, -1488.15, "B", "DIP", "$1N2692", "", "C", 70.87, 70.87, 39.37, 90],
		[25, "C4_1", 1635, -1881.85, "T", "DIP", "N", "", "C", 78.74, 78.74, 47.24, 90],
		[26, "C4_1", 1635, -1881.85, "B", "DIP", "N", "", "C", 78.74, 78.74, 47.24, 90],
		[27, "C4_2", 1635, -1488.15, "T", "DIP", "$1N2714", "", "C", 78.74, 78.74, 47.24, 90],
		[28, "C4_2", 1635, -1488.15, "B", "DIP", "$1N2714", "", "C", 78.74, 78.74, 47.24, 90],
		[29, "C5_1", 1375, -1881.85, "T", "DIP", "N", "", "C", 70.87, 70.87, 39.37, 90],
		[30, "C5_1", 1375, -1881.85, "B", "DIP", "N", "", "C", 70.87, 70.87, 39.37, 90],
		[31, "C5_2", 1375, -1488.15, "T", "DIP", "$1N2718", "", "C", 70.87, 70.87, 39.37, 90],
		[32, "C5_2", 1375, -1488.15, "B", "DIP", "$1N2718", "", "C", 70.87, 70.87, 39.37, 90],
		[33, "CN1_1", 2650, -3694.99, "T", "DIP", "$1N2737", "", "R", 98.42, 98.42, 74.8, 0],
		[34, "CN1_1", 2650, -3694.99, "B", "DIP", "$1N2737", "", "R", 98.42, 98.42, 74.8, 0],
		[35, "CN1_2", 2850, -3695.01, "T", "DIP", "$1N2735", "", "C", 98.42, 98.42, 74.8, 0],
		[36, "CN1_2", 2850, -3695.01, "B", "DIP", "$1N2735", "", "C", 98.42, 98.42, 74.8, 0],
		[37, "CN1_3", 3050, -3695.01, "T", "DIP", "$1N2736", "", "C", 98.42, 98.42, 74.8, 0],
		[38, "CN1_3", 3050, -3695.01, "B", "DIP", "$1N2736", "", "C", 98.42, 98.42, 74.8, 0],
		[39, "CN2_1", 3337.69, -3694.94, "T", "DIP", "$1N2792", "", "R", 98.42, 98.42, 74.8, 0],
		[40, "CN2_1", 3337.69, -3694.94, "B", "DIP", "$1N2792", "", "R", 98.42, 98.42, 74.8, 0],
		[41, "CN2_2", 3537.69, -3694.95, "T", "DIP", "$1N2790", "", "C", 98.42, 98.42, 74.8, 0],
		[42, "CN2_2", 3537.69, -3694.95, "B", "DIP", "$1N2790", "", "C", 98.42, 98.42, 74.8, 0],
		[43, "CN2_3", 3737.69, -3694.95, "T", "DIP", "$1N2791", "", "C", 98.42, 98.42, 74.8, 0],
		[44, "CN2_3", 3737.69, -3694.95, "B", "DIP", "$1N2791", "", "C", 98.42, 98.42, 74.8, 0],
		[45, "CN3_1", 825, -320, "T", "DIP", "MOTORE2", "", "R", 74.8, 66.93, 43.31, 0],
		[46, "CN3_1", 825, -320, "B", "DIP", "MOTORE2", "", "R", 74.8, 66.93, 43.31, 0],
		[47, "CN3_2", 825, -220, "T", "DIP", "MOTORE1", "", "C", 74.8, 74.8, 43.31, 0],
		[48, "CN3_2", 825, -220, "B", "DIP", "MOTORE1", "", "C", 74.8, 74.8, 43.31, 0],
		[49, "CN3_3", 925, -320, "T", "DIP", "ZEROCROSS", "", "C", 74.8, 74.8, 43.31, 0],
		[50, "CN3_3", 925, -320, "B", "DIP", "ZEROCROSS", "", "C", 74.8, 74.8, 43.31, 0],
		[51, "CN3_4", 925, -220, "T", "DIP", "5V", "", "C", 74.8, 74.8, 43.31, 0],
		[52, "CN3_4", 925, -220, "B", "DIP", "5V", "", "C", 74.8, 74.8, 43.31, 0],
		[53, "CN3_5", 1025, -320, "T", "DIP", "3V3", "", "C", 74.8, 74.8, 43.31, 0],
		[54, "CN3_5", 1025, -320, "B", "DIP", "3V3", "", "C", 74.8, 74.8, 43.31, 0],
		[55, "CN3_6", 1025, -220, "T", "DIP", "5VUSB", "", "C", 74.8, 74.8, 43.31, 0],
		[56, "CN3_6", 1025, -220, "B", "DIP", "5VUSB", "", "C", 74.8, 74.8, 43.31, 0],
		[57, "CN3_7", 1125, -320, "T", "DIP", "GND", "GND", "C", 74.8, 74.8, 43.31, 0],
		[58, "CN3_7", 1125, -320, "B", "DIP", "GND", "GND", "C", 74.8, 74.8, 43.31, 0],
		[59, "CN3_8", 1125, -220, "T", "DIP", "GND", "GND", "C", 74.8, 74.8, 43.31, 0],
		[60, "CN3_8", 1125, -220, "B", "DIP", "GND", "GND", "C", 74.8, 74.8, 43.31, 0],
		[61, "CN3_9", 1225, -320, "T", "DIP", "VALVOLA1", "", "C", 74.8, 74.8, 43.31, 0],
		[62, "CN3_9", 1225, -320, "B", "DIP", "VALVOLA1", "", "C", 74.8, 74.8, 43.31, 0],
		[63, "CN3_10", 1225, -220, "T", "DIP", "VALVOLA2", "", "C", 74.8, 74.8, 43.31, 0],
		[64, "CN3_10", 1225, -220, "B", "DIP", "VALVOLA2", "", "C", 74.8, 74.8, 43.31, 0],
		[65, "D1_1", 2127.24, -1177.96, "T", "SMD", "$1N2687", "", "R", 78.74, 43.31, 0, 270],
		[66, "D1_2", 2032.76, -1177.96, "T", "SMD", "$1N2710", "", "R", 78.74, 43.31, 0, 270],
		[67, "D1_3", 2032.76, -1422.05, "T", "SMD", "$1N2685", "", "R", 78.74, 43.31, 0, 270],
		[68, "D1_4", 2127.24, -1422.05, "T", "SMD", "$1N2686", "", "R", 78.74, 43.31, 0, 270],
		[69, "D2_1", 2718.74, -2115, "T", "DIP", "5VUSB", "", "C", 70.87, 70.87, 39.37, 0],
		[70, "D2_1", 2718.74, -2115, "B", "DIP", "5VUSB", "", "C", 70.87, 70.87, 39.37, 0],
		[71, "D2_2", 3061.26, -2115, "T", "DIP", "$1N2731", "", "C", 70.87, 70.87, 39.37, 0],
		[72, "D2_2", 3061.26, -2115, "B", "DIP", "$1N2731", "", "C", 70.87, 70.87, 39.37, 0],
		[73, "D3_1", 3398.74, -2115, "T", "DIP", "5VUSB", "", "C", 70.87, 70.87, 39.37, 0],
		[74, "D3_1", 3398.74, -2115, "B", "DIP", "5VUSB", "", "C", 70.87, 70.87, 39.37, 0],
		[75, "D3_2", 3741.26, -2115, "T", "DIP", "$1N2786", "", "C", 70.87, 70.87, 39.37, 0],
		[76, "D3_2", 3741.26, -2115, "B", "DIP", "$1N2786", "", "C", 70.87, 70.87, 39.37, 0],
		[77, "F2_1", 2312.08, -3205.49, "T", "DIP", "$1N2819", "", "O", 94.49, 39.37, 70.86, 90],
		[78, "F2_1", 2312.08, -3205.49, "B", "DIP", "$1N2819", "", "O", 94.49, 39.37, 70.86, 90],
		[79, "F2_1", 2514.84, -3205.49, "T", "DIP", "$1N2819", "", "O", 94.49, 39.37, 70.82, 90],
		[80, "F2_1", 2514.84, -3205.49, "B", "DIP", "$1N2819", "", "O", 94.49, 39.37, 70.82, 90],
		[81, "F3_1", 1692.08, -3205.49, "T", "DIP", "L", "", "O", 94.49, 39.37, 70.86, 90],
		[82, "F3_1", 1692.08, -3205.49, "B", "DIP", "L", "", "O", 94.49, 39.37, 70.86, 90],
		[83, "F3_1", 1894.84, -3205.49, "T", "DIP", "L", "", "O", 94.49, 39.37, 70.82, 90],
		[84, "F3_1", 1894.84, -3205.49, "B", "DIP", "L", "", "O", 94.49, 39.37, 70.82, 90],
		[85, "L1_1", 2057.2, -1962.5, "T", "DIP", "N", "", "C", 66.93, 66.93, 47.24, 180],
		[86, "L1_1", 2057.2, -1962.5, "B", "DIP", "N", "", "C", 66.93, 66.93, 47.24, 180],
		[87, "L1_2", 2332.8, -1962.5, "T", "DIP", "NP", "", "C", 66.93, 66.93, 47.24, 180],
		[88, "L1_2", 2332.8, -1962.5, "B", "DIP", "NP", "", "C", 66.93, 66.93, 47.24, 180],
		[89, "L1_3", 2332.8, -2277.5, "T", "DIP", "LP", "", "C", 66.93, 66.93, 47.24, 180],
		[90, "L1_3", 2332.8, -2277.5, "B", "DIP", "LP", "", "C", 66.93, 66.93, 47.24, 180],
		[91, "L1_4", 2057.2, -2277.5, "T", "DIP", "$1N2819", "", "C", 66.93, 66.93, 47.24, 180],
		[92, "L1_4", 2057.2, -2277.5, "B", "DIP", "$1N2819", "", "C", 66.93, 66.93, 47.24, 180],
		[93, "Q1_1", 2735, -1385, "T", "DIP", "$1N2731", "", "R", 70.87, 70.87, 39.37, 270],
		[94, "Q1_1", 2735, -1385, "B", "DIP", "$1N2731", "", "R", 70.87, 70.87, 39.37, 270],
		[95, "Q1_2", 2835, -1385, "T", "DIP", "$1N2734", "", "C", 70.87, 70.87, 39.37, 270],
		[96, "Q1_2", 2835, -1385, "B", "DIP", "$1N2734", "", "C", 70.87, 70.87, 39.37, 270],
		[97, "Q1_3", 2935, -1385, "T", "DIP", "GND", "GND", "C", 70.87, 70.87, 39.37, 270],
		[98, "Q1_3", 2935, -1385, "B", "DIP", "GND", "GND", "C", 70.87, 70.87, 39.37, 270],
		[99, "Q2_1", 263.54, -2790, "T", "DIP", "N", "", "R", 118.11, 118.11, 70.87, 0],
		[100, "Q2_1", 263.54, -2790, "B", "DIP", "N", "", "R", 118.11, 118.11, 70.87, 0],
		[101, "Q2_2", 484.01, -2790, "T", "DIP", "M1", "", "C", 118.11, 118.11, 70.87, 0],
		[102, "Q2_2", 484.01, -2790, "B", "DIP", "M1", "", "C", 118.11, 118.11, 70.87, 0],
		[103, "Q2_3", 706.45, -2790, "T", "DIP", "$1N2693", "", "C", 118.11, 118.11, 70.87, 0],
		[104, "Q2_3", 706.45, -2790, "B", "DIP", "$1N2693", "", "C", 118.11, 118.11, 70.87, 0],
		[105, "Q3_1", 3430, -1400, "T", "DIP", "$1N2786", "", "R", 70.87, 70.87, 39.37, 270],
		[106, "Q3_1", 3430, -1400, "B", "DIP", "$1N2786", "", "R", 70.87, 70.87, 39.37, 270],
		[107, "Q3_2", 3530, -1400, "T", "DIP", "$1N2789", "", "C", 70.87, 70.87, 39.37, 270],
		[108, "Q3_2", 3530, -1400, "B", "DIP", "$1N2789", "", "C", 70.87, 70.87, 39.37, 270],
		[109, "Q3_3", 3630, -1400, "T", "DIP", "GND", "GND", "C", 70.87, 70.87, 39.37, 270],
		[110, "Q3_3", 3630, -1400, "B", "DIP", "GND", "GND", "C", 70.87, 70.87, 39.37, 270],
		[111, "Q4_1", 1178.55, -2790, "T", "DIP", "N", "", "R", 118.11, 118.11, 70.87, 0],
		[112, "Q4_1", 1178.55, -2790, "B", "DIP", "N", "", "R", 118.11, 118.11, 70.87, 0],
		[113, "Q4_2", 1399.01, -2790, "T", "DIP", "M2", "", "C", 118.11, 118.11, 70.87, 0],
		[114, "Q4_2", 1399.01, -2790, "B", "DIP", "M2", "", "C", 118.11, 118.11, 70.87, 0],
		[115, "Q4_3", 1621.45, -2790, "T", "DIP", "$1N2715", "", "C", 118.11, 118.11, 70.87, 0],
		[116, "Q4_3", 1621.45, -2790, "B", "DIP", "$1N2715", "", "C", 118.11, 118.11, 70.87, 0],
		[117, "R1_1", 2285, -1776.69, "T", "DIP", "NP", "", "C", 55.12, 55.12, 27.56, 90],
		[118, "R1_1", 2285, -1776.69, "B", "DIP", "NP", "", "C", 55.12, 55.12, 27.56, 90],
		[119, "R1_2", 2285, -1363.31, "T", "DIP", "$1N2686", "", "C", 55.12, 55.12, 27.56, 90],
		[120, "R1_2", 2285, -1363.31, "B", "DIP", "$1N2686", "", "C", 55.12, 55.12, 27.56, 90],
		[121, "R2_1", 2275, -1266.69, "T", "DIP", "$1N2687", "", "C", 55.12, 55.12, 27.56, 90],
		[122, "R2_1", 2275, -1266.69, "B", "DIP", "$1N2687", "", "C", 55.12, 55.12, 27.56, 90],
		[123, "R2_2", 2275, -853.31, "T", "DIP", "$1N2707", "", "C", 55.12, 55.12, 27.56, 90],
		[124, "R2_2", 2275, -853.31, "B", "DIP", "$1N2707", "", "C", 55.12, 55.12, 27.56, 90],
		[125, "R3_1", 1416.63, -613.37, "T", "DIP", "ZEROCROSS", "", "C", 60, 60, 39.37, 45],
		[126, "R3_1", 1416.63, -613.37, "B", "DIP", "ZEROCROSS", "", "C", 60, 60, 39.37, 45],
		[127, "R3_2", 1703.37, -326.63, "T", "DIP", "3V3", "", "C", 60, 60, 39.37, 45],
		[128, "R3_2", 1703.37, -326.63, "B", "DIP", "3V3", "", "C", 60, 60, 39.37, 45],
		[129, "R4_1", 2190.95, -2852.64, "T", "DIP", "N", "", "C", 70.87, 70.87, 47.24, 90],
		[130, "R4_1", 2190.95, -2852.64, "B", "DIP", "N", "", "C", 70.87, 70.87, 47.24, 90],
		[131, "R4_2", 2309.05, -2557.36, "T", "DIP", "$1N2819", "", "C", 70.87, 70.87, 47.24, 90],
		[132, "R4_2", 2309.05, -2557.36, "B", "DIP", "$1N2819", "", "C", 70.87, 70.87, 47.24, 90],
		[133, "R5_1", 1880, -1781.69, "T", "DIP", "LP", "", "C", 55.12, 55.12, 27.56, 90],
		[134, "R5_1", 1880, -1781.69, "B", "DIP", "LP", "", "C", 55.12, 55.12, 27.56, 90],
		[135, "R5_2", 1880, -1368.31, "T", "DIP", "$1N2685", "", "C", 55.12, 55.12, 27.56, 90],
		[136, "R5_2", 1880, -1368.31, "B", "DIP", "$1N2685", "", "C", 55.12, 55.12, 27.56, 90],
		[137, "R6_1", 1880, -1256.69, "T", "DIP", "$1N2710", "", "C", 55.12, 55.12, 27.56, 90],
		[138, "R6_1", 1880, -1256.69, "B", "DIP", "$1N2710", "", "C", 55.12, 55.12, 27.56, 90],
		[139, "R6_2", 1880, -843.31, "T", "DIP", "$1N2706", "", "C", 55.12, 55.12, 27.56, 90],
		[140, "R6_2", 1880, -843.31, "B", "DIP", "$1N2706", "", "C", 55.12, 55.12, 27.56, 90],
		[141, "R7_1", 3175.78, -262.2, "T", "DIP", "$1N2748", "", "C", 55.12, 55.12, 31.5, 0],
		[142, "R7_1", 3175.78, -262.2, "B", "DIP", "$1N2748", "", "C", 55.12, 55.12, 31.5, 0],
		[143, "R7_2", 3577.36, -262.2, "T", "DIP", "5V", "", "C", 55.12, 55.12, 31.5, 0],
		[144, "R7_2", 3577.36, -262.2, "B", "DIP", "5V", "", "C", 55.12, 55.12, 31.5, 0],
		[145, "R9_1", 259.1, -1105, "T", "DIP", "$1N2695", "", "C", 60, 60, 36, 0],
		[146, "R9_1", 259.1, -1105, "B", "DIP", "$1N2695", "", "C", 60, 60, 36, 0],
		[147, "R9_2", 770.9, -1105, "T", "DIP", "$1N2694", "", "C", 60, 60, 36, 0],
		[148, "R9_2", 770.9, -1105, "B", "DIP", "$1N2694", "", "C", 60, 60, 36, 0],
		[149, "R10_1", 770.9, -1250, "T", "DIP", "$1N2694", "", "C", 60, 60, 36, 180],
		[150, "R10_1", 770.9, -1250, "B", "DIP", "$1N2694", "", "C", 60, 60, 36, 180],
		[151, "R10_2", 259.1, -1250, "T", "DIP", "M1", "", "C", 60, 60, 36, 180],
		[152, "R10_2", 259.1, -1250, "B", "DIP", "M1", "", "C", 60, 60, 36, 180],
		[153, "R11_1", 225, -1517.84, "T", "DIP", "$1N2692", "", "C", 78.74, 78.74, 43.31, 270],
		[154, "R11_1", 225, -1517.84, "B", "DIP", "$1N2692", "", "C", 78.74, 78.74, 43.31, 270],
		[155, "R11_2", 225, -1872.16, "T", "DIP", "M1", "", "C", 78.74, 78.74, 43.31, 270],
		[156, "R11_2", 225, -1872.16, "B", "DIP", "M1", "", "C", 78.74, 78.74, 43.31, 270],
		[157, "R12_1", 2628.31, -1935, "T", "DIP", "5VUSB", "", "C", 55.12, 55.12, 27.56, 0],
		[158, "R12_1", 2628.31, -1935, "B", "DIP", "5VUSB", "", "C", 55.12, 55.12, 27.56, 0],
		[159, "R12_2", 3041.69, -1935, "T", "DIP", "$1N2732", "", "C", 55.12, 55.12, 27.56, 0],
		[160, "R12_2", 3041.69, -1935, "B", "DIP", "$1N2732", "", "C", 55.12, 55.12, 27.56, 0],
		[161, "R13_1", 2628.31, -1820, "T", "DIP", "5VUSB", "", "C", 55.12, 55.12, 27.56, 0],
		[162, "R13_1", 2628.31, -1820, "B", "DIP", "5VUSB", "", "C", 55.12, 55.12, 27.56, 0],
		[163, "R13_2", 3041.69, -1820, "T", "DIP", "$1N2733", "", "C", 55.12, 55.12, 27.56, 0],
		[164, "R13_2", 3041.69, -1820, "B", "DIP", "$1N2733", "", "C", 55.12, 55.12, 27.56, 0],
		[165, "R15_1", 1179.1, -1105, "T", "DIP", "$1N2713", "", "C", 60, 60, 36, 0],
		[166, "R15_1", 1179.1, -1105, "B", "DIP", "$1N2713", "", "C", 60, 60, 36, 0],
		[167, "R15_2", 1690.9, -1105, "T", "DIP", "$1N2714", "", "C", 60, 60, 36, 0],
		[168, "R15_2", 1690.9, -1105, "B", "DIP", "$1N2714", "", "C", 60, 60, 36, 0],
		[169, "R16_1", 1690.9, -1250, "T", "DIP", "$1N2714", "", "C", 60, 60, 36, 180],
		[170, "R16_1", 1690.9, -1250, "B", "DIP", "$1N2714", "", "C", 60, 60, 36, 180],
		[171, "R16_2", 1179.1, -1250, "T", "DIP", "M2", "", "C", 60, 60, 36, 180],
		[172, "R16_2", 1179.1, -1250, "B", "DIP", "M2", "", "C", 60, 60, 36, 180],
		[173, "R17_1", 1140, -1527.84, "T", "DIP", "$1N2718", "", "C", 78.74, 78.74, 43.31, 270],
		[174, "R17_1", 1140, -1527.84, "B", "DIP", "$1N2718", "", "C", 78.74, 78.74, 43.31, 270],
		[175, "R17_2", 1140, -1882.16, "T", "DIP", "M2", "", "C", 78.74, 78.74, 43.31, 270],
		[176, "R17_2", 1140, -1882.16, "B", "DIP", "M2", "", "C", 78.74, 78.74, 43.31, 270],
		[177, "R18_1", 3303.31, -1930, "T", "DIP", "5VUSB", "", "C", 55.12, 55.12, 27.56, 0],
		[178, "R18_1", 3303.31, -1930, "B", "DIP", "5VUSB", "", "C", 55.12, 55.12, 27.56, 0],
		[179, "R18_2", 3716.69, -1930, "T", "DIP", "$1N2787", "", "C", 55.12, 55.12, 27.56, 0],
		[180, "R18_2", 3716.69, -1930, "B", "DIP", "$1N2787", "", "C", 55.12, 55.12, 27.56, 0],
		[181, "R19_1", 3303.31, -1815, "T", "DIP", "5VUSB", "", "C", 55.12, 55.12, 27.56, 0],
		[182, "R19_1", 3303.31, -1815, "B", "DIP", "5VUSB", "", "C", 55.12, 55.12, 27.56, 0],
		[183, "R19_2", 3716.69, -1815, "T", "DIP", "$1N2788", "", "C", 55.12, 55.12, 27.56, 0],
		[184, "R19_2", 3716.69, -1815, "B", "DIP", "$1N2788", "", "C", 55.12, 55.12, 27.56, 0],
		[185, "R24_1", 104.21, -530, "T", "DIP", "MOTORE1", "", "C", 55.12, 55.12, 31.5, 0],
		[186, "R24_1", 104.21, -530, "B", "DIP", "MOTORE1", "", "C", 55.12, 55.12, 31.5, 0],
		[187, "R24_2", 505.79, -530, "T", "DIP", "$1N2699", "", "C", 55.12, 55.12, 31.5, 0],
		[188, "R24_2", 505.79, -530, "B", "DIP", "$1N2699", "", "C", 55.12, 55.12, 31.5, 0],
		[189, "R25_1", 809.21, -535, "T", "DIP", "MOTORE2", "", "C", 55.12, 55.12, 31.5, 0],
		[190, "R25_1", 809.21, -535, "B", "DIP", "MOTORE2", "", "C", 55.12, 55.12, 31.5, 0],
		[191, "R25_2", 1210.79, -535, "T", "DIP", "$1N2783", "", "C", 55.12, 55.12, 31.5, 0],
		[192, "R25_2", 1210.79, -535, "B", "DIP", "$1N2783", "", "C", 55.12, 55.12, 31.5, 0],
		[193, "RLY1_1", 2658.78, -2414.21, "T", "DIP", "5VUSB", "", "C", 110, 110, 60, 90],
		[194, "RLY1_1", 2658.78, -2414.21, "B", "DIP", "5VUSB", "", "C", 110, 110, 60, 90],
		[195, "RLY1_2", 2658.8, -2894.53, "T", "DIP", "$1N2737", "", "C", 110, 110, 60, 90],
		[196, "RLY1_2", 2658.8, -2894.53, "B", "DIP", "$1N2737", "", "C", 110, 110, 60, 90],
		[197, "RLY1_3", 3131.2, -2894.53, "T", "DIP", "$1N2736", "", "C", 110, 110, 60, 90],
		[198, "RLY1_3", 3131.2, -2894.53, "B", "DIP", "$1N2736", "", "C", 110, 110, 60, 90],
		[199, "RLY1_4", 3131.22, -2414.21, "T", "DIP", "$1N2731", "", "C", 110, 110, 60, 90],
		[200, "RLY1_4", 3131.22, -2414.21, "B", "DIP", "$1N2731", "", "C", 110, 110, 60, 90],
		[201, "RLY1_5", 2895, -2335.47, "T", "DIP", "$1N2735", "", "C", 110, 110, 60, 90],
		[202, "RLY1_5", 2895, -2335.47, "B", "DIP", "$1N2735", "", "C", 110, 110, 60, 90],
		[203, "RLY2_1", 3333.78, -2414.21, "T", "DIP", "5VUSB", "", "C", 110, 110, 60, 90],
		[204, "RLY2_1", 3333.78, -2414.21, "B", "DIP", "5VUSB", "", "C", 110, 110, 60, 90],
		[205, "RLY2_2", 3333.8, -2894.53, "T", "DIP", "$1N2792", "", "C", 110, 110, 60, 90],
		[206, "RLY2_2", 3333.8, -2894.53, "B", "DIP", "$1N2792", "", "C", 110, 110, 60, 90],
		[207, "RLY2_3", 3806.2, -2894.53, "T", "DIP", "$1N2791", "", "C", 110, 110, 60, 90],
		[208, "RLY2_3", 3806.2, -2894.53, "B", "DIP", "$1N2791", "", "C", 110, 110, 60, 90],
		[209, "RLY2_4", 3806.22, -2414.21, "T", "DIP", "$1N2786", "", "C", 110, 110, 60, 90],
		[210, "RLY2_4", 3806.22, -2414.21, "B", "DIP", "$1N2786", "", "C", 110, 110, 60, 90],
		[211, "RLY2_5", 3570, -2335.47, "T", "DIP", "$1N2790", "", "C", 110, 110, 60, 90],
		[212, "RLY2_5", 3570, -2335.47, "B", "DIP", "$1N2790", "", "C", 110, 110, 60, 90],
		[213, "SCREW1_1", 157.48, -157.48, "T", "DIP", "SCREW1_1", "", "C", 177.17, 177.17, 157.48, 0],
		[214, "SCREW1_1", 157.48, -157.48, "B", "DIP", "SCREW1_1", "", "C", 177.17, 177.17, 157.48, 0],
		[215, "SCREW2_1", 3779.53, -157.48, "T", "DIP", "SCREW2_1", "", "C", 177.17, 177.17, 157.48, 0],
		[216, "SCREW2_1", 3779.53, -157.48, "B", "DIP", "SCREW2_1", "", "C", 177.17, 177.17, 157.48, 0],
		[217, "SCREW3_1", 157.48, -3188.98, "T", "DIP", "SCREW3_1", "", "C", 177.17, 177.17, 157.48, 0],
		[218, "SCREW3_1", 157.48, -3188.98, "B", "DIP", "SCREW3_1", "", "C", 177.17, 177.17, 157.48, 0],
		[219, "SCREW4_1", 3779.53, -3307.09, "T", "DIP", "SCREW4_1", "", "C", 177.17, 177.17, 157.48, 0],
		[220, "SCREW4_1", 3779.53, -3307.09, "B", "DIP", "SCREW4_1", "", "C", 177.17, 177.17, 157.48, 0],
		[221, "U2_1", 1077.99, -3655, "T", "DIP", "M2", "", "C", 122.05, 122.05, 82.68, 0],
		[222, "U2_1", 1077.99, -3655, "B", "DIP", "M2", "", "C", 122.05, 122.05, 82.68, 0],
		[223, "U2_2", 1452.01, -3655, "T", "DIP", "L", "", "C", 122.05, 122.05, 82.68, 0],
		[224, "U2_2", 1452.01, -3655, "B", "DIP", "L", "", "C", 122.05, 122.05, 82.68, 0],
		[225, "U3_1", 249.37, -3651.24, "T", "DIP", "M1", "", "C", 122.05, 122.05, 82.68, 0],
		[226, "U3_1", 249.37, -3651.24, "B", "DIP", "M1", "", "C", 122.05, 122.05, 82.68, 0],
		[227, "U3_2", 623.39, -3651.24, "T", "DIP", "L", "", "C", 122.05, 122.05, 82.68, 0],
		[228, "U3_2", 623.39, -3651.24, "B", "DIP", "L", "", "C", 122.05, 122.05, 82.68, 0],
		[229, "U4_1", 1880, -735, "T", "DIP", "$1N2707", "", "O", 60, 78.74, 39.37, 90],
		[230, "U4_1", 1880, -735, "B", "DIP", "$1N2707", "", "O", 60, 78.74, 39.37, 90],
		[231, "U4_2", 1880, -635, "T", "DIP", "$1N2706", "", "O", 60, 78.74, 39.37, 90],
		[232, "U4_2", 1880, -635, "B", "DIP", "$1N2706", "", "O", 60, 78.74, 39.37, 90],
		[233, "U4_3", 1580, -635, "T", "DIP", "GND", "GND", "O", 60, 78.74, 39.37, 90],
		[234, "U4_3", 1580, -635, "B", "DIP", "GND", "GND", "O", 60, 78.74, 39.37, 90],
		[235, "U4_4", 1580, -735, "T", "DIP", "ZEROCROSS", "", "O", 60, 78.74, 39.37, 90],
		[236, "U4_4", 1580, -735, "B", "DIP", "ZEROCROSS", "", "O", 60, 78.74, 39.37, 90],
		[237, "U6_1", 1902.99, -3655, "T", "DIP", "L", "", "C", 122.05, 122.05, 82.68, 0],
		[238, "U6_1", 1902.99, -3655, "B", "DIP", "L", "", "C", 122.05, 122.05, 82.68, 0],
		[239, "U6_2", 2277.01, -3655, "T", "DIP", "N", "", "C", 122.05, 122.05, 82.68, 0],
		[240, "U6_2", 2277.01, -3655, "B", "DIP", "N", "", "C", 122.05, 122.05, 82.68, 0],
		[241, "U8_1", 2596.26, -686.57, "T", "DIP", "LP", "", "C", 78.74, 78.74, 47.24, 0],
		[242, "U8_1", 2596.26, -686.57, "B", "DIP", "LP", "", "C", 78.74, 78.74, 47.24, 0],
		[243, "U8_2", 2596.26, -883.42, "T", "DIP", "NP", "", "C", 78.74, 78.74, 47.24, 0],
		[244, "U8_2", 2596.26, -883.42, "B", "DIP", "NP", "", "C", 78.74, 78.74, 47.24, 0],
		[245, "U8_3", 3753.74, -481.85, "T", "DIP", "GND", "GND", "C", 78.74, 78.74, 47.24, 0],
		[246, "U8_3", 3753.74, -481.85, "B", "DIP", "GND", "GND", "C", 78.74, 78.74, 47.24, 0],
		[247, "U8_4", 3753.74, -1088.15, "T", "DIP", "5V", "", "C", 78.74, 78.74, 47.24, 0],
		[248, "U8_4", 3753.74, -1088.15, "B", "DIP", "5V", "", "C", 78.74, 78.74, 47.24, 0],
		[249, "U10_1", 605, -660, "T", "DIP", "$1N2699", "", "R", 70.87, 70.87, 39.37, 270],
		[250, "U10_1", 605, -660, "B", "DIP", "$1N2699", "", "R", 70.87, 70.87, 39.37, 270],
		[251, "U10_2", 505, -660, "T", "DIP", "GND", "GND", "C", 70.87, 70.87, 39.37, 270],
		[252, "U10_2", 505, -660, "B", "DIP", "GND", "GND", "C", 70.87, 70.87, 39.37, 270],
		[253, "U10_3", 405, -660, "T", "DIP", "U10_3", "", "C", 70.87, 70.87, 39.37, 270],
		[254, "U10_3", 405, -660, "B", "DIP", "U10_3", "", "C", 70.87, 70.87, 39.37, 270],
		[255, "U10_4", 405, -960, "T", "DIP", "$1N2693", "", "C", 70.87, 70.87, 39.37, 270],
		[256, "U10_4", 405, -960, "B", "DIP", "$1N2693", "", "C", 70.87, 70.87, 39.37, 270],
		[257, "U10_5", 505, -960, "T", "DIP", "U10_5", "", "C", 70.87, 70.87, 39.37, 270],
		[258, "U10_5", 505, -960, "B", "DIP", "U10_5", "", "C", 70.87, 70.87, 39.37, 270],
		[259, "U10_6", 605, -960, "T", "DIP", "$1N2695", "", "C", 70.87, 70.87, 39.37, 270],
		[260, "U10_6", 605, -960, "B", "DIP", "$1N2695", "", "C", 70.87, 70.87, 39.37, 270],
		[261, "U11_1", 2700, -1575, "T", "DIP", "3V3", "", "O", 60, 78.74, 39.37, 270],
		[262, "U11_1", 2700, -1575, "B", "DIP", "3V3", "", "O", 60, 78.74, 39.37, 270],
		[263, "U11_2", 2700, -1675, "T", "DIP", "VALVOLA1", "", "O", 60, 78.74, 39.37, 270],
		[264, "U11_2", 2700, -1675, "B", "DIP", "VALVOLA1", "", "O", 60, 78.74, 39.37, 270],
		[265, "U11_3", 3000, -1675, "T", "DIP", "$1N2734", "", "O", 60, 78.74, 39.37, 270],
		[266, "U11_3", 3000, -1675, "B", "DIP", "$1N2734", "", "O", 60, 78.74, 39.37, 270],
		[267, "U11_4", 3000, -1575, "T", "DIP", "$1N2733", "", "O", 60, 78.74, 39.37, 270],
		[268, "U11_4", 3000, -1575, "B", "DIP", "$1N2733", "", "O", 60, 78.74, 39.37, 270],
		[269, "U12_1", 475.56, -2561.01, "T", "DIP", "U12_1", "", "C", 94.49, 94.49, 62.99, 0],
		[270, "U12_1", 475.56, -2561.01, "B", "DIP", "U12_1", "", "C", 94.49, 94.49, 62.99, 0],
		[271, "U13_1", 1210, -660, "T", "DIP", "$1N2783", "", "R", 70.87, 70.87, 39.37, 270],
		[272, "U13_1", 1210, -660, "B", "DIP", "$1N2783", "", "R", 70.87, 70.87, 39.37, 270],
		[273, "U13_2", 1110, -660, "T", "DIP", "GND", "GND", "C", 70.87, 70.87, 39.37, 270],
		[274, "U13_2", 1110, -660, "B", "DIP", "GND", "GND", "C", 70.87, 70.87, 39.37, 270],
		[275, "U13_3", 1010, -660, "T", "DIP", "U13_3", "", "C", 70.87, 70.87, 39.37, 270],
		[276, "U13_3", 1010, -660, "B", "DIP", "U13_3", "", "C", 70.87, 70.87, 39.37, 270],
		[277, "U13_4", 1010, -960, "T", "DIP", "$1N2715", "", "C", 70.87, 70.87, 39.37, 270],
		[278, "U13_4", 1010, -960, "B", "DIP", "$1N2715", "", "C", 70.87, 70.87, 39.37, 270],
		[279, "U13_5", 1110, -960, "T", "DIP", "U13_5", "", "C", 70.87, 70.87, 39.37, 270],
		[280, "U13_5", 1110, -960, "B", "DIP", "U13_5", "", "C", 70.87, 70.87, 39.37, 270],
		[281, "U13_6", 1210, -960, "T", "DIP", "$1N2713", "", "C", 70.87, 70.87, 39.37, 270],
		[282, "U13_6", 1210, -960, "B", "DIP", "$1N2713", "", "C", 70.87, 70.87, 39.37, 270],
		[283, "U14_1", 3415, -1585, "T", "DIP", "3V3", "", "O", 60, 78.74, 39.37, 270],
		[284, "U14_1", 3415, -1585, "B", "DIP", "3V3", "", "O", 60, 78.74, 39.37, 270],
		[285, "U14_2", 3415, -1685, "T", "DIP", "VALVOLA2", "", "O", 60, 78.74, 39.37, 270],
		[286, "U14_2", 3415, -1685, "B", "DIP", "VALVOLA2", "", "O", 60, 78.74, 39.37, 270],
		[287, "U14_3", 3715, -1685, "T", "DIP", "$1N2789", "", "O", 60, 78.74, 39.37, 270],
		[288, "U14_3", 3715, -1685, "B", "DIP", "$1N2789", "", "O", 60, 78.74, 39.37, 270],
		[289, "U14_4", 3715, -1585, "T", "DIP", "$1N2788", "", "O", 60, 78.74, 39.37, 270],
		[290, "U14_4", 3715, -1585, "B", "DIP", "$1N2788", "", "O", 60, 78.74, 39.37, 270],
		[291, "U15_1", 1395, -2560, "T", "DIP", "U15_1", "", "C", 94.49, 94.49, 62.99, 0],
		[292, "U15_1", 1395, -2560, "B", "DIP", "U15_1", "", "C", 94.49, 94.49, 62.99, 0]
	]
}
}