{
"lengthUnit": "mil",
"components": {
	"fields": ["COMPONENT_NO", "COMPONENT_NAME", "LAYER", "X_COORDINATE", "Y_COORDINATE", "ANGLE"],
	"rows": [
		[1, "3V3", "T", 780, -225, 0],
		[2, "((POWER))", "T", 1180, -455, 0],
		[3, "((RESET))", "T", 1980, -900, 180],
		[4, "+5V", "T", 840, -995, 0],
		[5, "C3", "T", 2586.42, -1133.6, 180],
		[6, "C4", "T", 2565.41, -1040.21, 180],
		[7, "C6", "T", 662.19, -1705.77, 90],
		[8, "C7", "T", 1960, -1190, 0],
		[9, "C8", "T", 1040, -1600, 270],
		[10, "C9", "T", 2518.74, -1570, 180],
		[11, "C10", "T", 995, -1995, 90],
		[12, "C11", "T", 2875, -1995, 90],
		[13, "C13", "T", 190, -640, 0],
		[14, "C14", "T", 2350, -1990, 270],
		[15, "C15", "T", 1551.75, -1992.55, 270],
		[16, "C16", "T", 1325, -1645, 180],
		[17, "C17", "T", 2005, -1835, 180],
		[18, "C18", "T", 1710, -1345, 0],
		[19, "C19", "T", 2255, -1545, 180],
		[20, "C21", "T", 1780, -325, 180],
		[21, "C22", "T", 1845, -700, 225],
		[22, "C23", "T", 2220, -745, 0],
		[23, "C24", "T", 510, -225, 180],
		[24, "CN1", "T", 3395, -730, 90],
		[25, "CN2", "T", 775.31, -2275.5, 0],
		[26, "CN3", "T", 2840, -2280, 0],
		[27, "CN4", "T", 2152.21, -2279.01, 0],
		[28, "CN5", "T", 1465.31, -2277.19, 0],
		[29, "D1", "T", 527.19, -1655.77, 90],
		[30, "D2", "T", 212.19, -1140.77, 0],
		[31, "D3", "T", 2070, -1575, 90],
		[32, "F1", "T", 2907.42, -1361.04, 0],
		[33, "F2", "T", 2907.42, -1266.04, 0],
		[34, "GND", "T", 85, -505, 0],
		[35, "H1", "T", 945, -225, 270],
		[36, "H2", "T", 226.99, -936.17, 0],
		[37, "H3", "T", 3177.79, -235, 90],
		[38, "H4", "T", 1420, -1010, 180],
		[39, "P1", "T", 3395, -1425, 90],
		[40, "R1", "T", 2357.42, -1121.04, 270],
		[41, "R2", "T", 2567.42, -1326.04, 90],
		[42, "R3", "T", 2757.42, -1326.04, 90],
		[43, "R4", "T", 2662.42, -1366.04, 270],
		[44, "R5", "T", 1250, -280, 270],
		[45, "R7", "T", 3040, -595, 90],
		[46, "R12", "T", 2262.42, -1121.04, 90],
		[47, "R19", "T", 900, -1995, 90],
		[48, "R20", "T", 740, -1955, 0],
		[49, "R21", "T", 945, -1600, 90],
		[50, "R22", "T", 2480, -1705, 90],
		[51, "R23", "T", 2630, -1950, 0],
		[52, "R24", "T", 2775, -1995, 90],
		[53, "R25", "T", 925, -1805, 270],
		[54, "R26", "T", 840, -1805, 90],
		[55, "R27", "T", 2590, -1790, 270],
		[56, "R28", "T", 2685, -1790, 90],
		[57, "R29", "T", 740, -2050, 0],
		[58, "R30", "T", 2605, -2050, 180],
		[59, "R31", "T", 1195, -2050, 0],
		[60, "R32", "T", 2085, -2045, 180],
		[61, "R33", "T", 1280, -1805, 270],
		[62, "R34", "T", 1375, -1805, 90],
		[63, "R35", "T", 1822.5, -1927.5, 0],
		[64, "R36", "T", 1822.5, -2022.5, 180],
		[65, "R37", "T", 1485, -1715, 270],
		[66, "R38", "T", 1455.63, -1994.37, 270],
		[67, "R39", "T", 1280, -1955, 180],
		[68, "R40", "T", 1820, -1835, 180],
		[69, "R41", "T", 2025, -1945, 180],
		[70, "R42", "T", 2250, -1990, 270],
		[71, "R47", "T", 527.19, -1395.77, 180],
		[72, "R48", "T", 527.19, -1490.77, 180],
		[73, "R49", "T", 2845, -445, 90],
		[74, "R50", "T", 2845, -220, 270],
		[75, "R51", "T", 2215, -840, 0],
		[76, "S1", "T", 157.48, -157.48, 0],
		[77, "S2", "T", 3464.57, -157.48, 0],
		[78, "S3", "T", 157.48, -2362.2, 0],
		[79, "S4", "T", 3464.57, -2362.2, 0],
		[80, "U2", "T", 2332.42, -1346.04, 270],
		[81, "U6", "T", 2110, -1165, 270],
		[82, "U7", "T", 1770, -1570, 180],
		[83, "U9", "T", 2105, -405, 315],
		[84, "U10", "T", 2680, -640, 270],
		[85, "U11", "T", 2555, -890, 180],
		[86, "U12", "T", 440, -480, 180],
		[87, "U14", "T", 2985, -1095, 180],
		[88, "U15", "T", 2985, -1565, 180],
		[89, "U16", "T", 3085, -1325, 90],
		[90, "USB1", "T", 207.19, -1440.77, 270],
		[91, "X1", "T", 2535, -740, 0]
	]
},
"pins": {
	"fields": ["PIN_NO", "PIN_NAME", "PIN_X", "PIN_Y", "LAYER", "PIN_TYPE", "NET_NAME", "NET_TYPE", "PAD_SHAPE", "PAD_SIZEX", "PAD_SIZEY", "HOLE_SIZE", "PAD_ANGLE"],
	"rows": [
		[1, "3V3_1", 780, -225, "T", "SMD", "3V3", "", "C", 47.24, 47.24, 0, 0],
		[2, "((POWER))_1", 1109.13, -455, "T", "SMD", "GND", "GND", "R", 59.05, 62.99, 0, 0],
		[3, "((POWER))_2", 1250.87, -455, "T", "SMD", "$1N16299", "", "R", 59.05, 62.99, 0, 0],
		[4, "((RESET))_1", 2066.02, -900, "T", "SMD", "RESET", "", "R", 48.42, 53.54, 0, 180],
		[5, "((RESET))_2", 1893.98, -900, "T", "SMD", "GND", "GND", "R", 48.42, 53.54, 0, 180],
		[6, "+5V_1", 840, -995, "T", "SMD", "+5V", "", "C", 47.24, 47.24, 0, 0],
		[7, "C3_1", 2649.12, -1133.6, "T", "SMD", "GND", "GND", "R", 58.47, 68.03, 0, 180],
		[8, "C3_2", 2523.72, -1133.6, "T", "SMD", "+5V", "", "R", 58.47, 68.03, 0, 180],
		[9, "C4_1", 2604.78, -1040.21, "T", "SMD", "GND", "GND", "R", 55.51, 53.15, 0, 180],
		[10, "C4_2", 2526.04, -1040.21, "T", "SMD", "+5V", "", "R", 55.51, 53.15, 0, 180],
		[11, "C6_1", 662.19, -1745.14, "T", "SMD", "GND", "GND", "R", 55.51, 53.15, 0, 90],
		[12, "C6_2", 662.19, -1666.4, "T", "SMD", "VBUS", "", "R", 55.51, 53.15, 0, 90],
		[13, "C7_1", 1920.63, -1190, "T", "SMD", "GND", "GND", "R", 55.51, 53.15, 0, 0],
		[14, "C7_2", 1999.37, -1190, "T", "SMD", "3V3", "", "R", 55.51, 53.15, 0, 0],
		[15, "C8_1", 1040, -1560.63, "T", "SMD", "TEMP_OUT1", "", "R", 55.51, 53.15, 0, 270],
		[16, "C8_2", 1040, -1639.37, "T", "SMD", "GND", "GND", "R", 55.51, 53.15, 0, 270],
		[17, "C9_1", 2558.11, -1570, "T", "SMD", "GND", "GND", "R", 55.51, 53.15, 0, 180],
		[18, "C9_2", 2479.37, -1570, "T", "SMD", "TEMP_OUT4", "", "R", 55.51, 53.15, 0, 180],
		[19, "C10_1", 995, -2034.37, "T", "SMD", "GND", "GND", "R", 55.51, 53.15, 0, 90],
		[20, "C10_2", 995, -1955.63, "T", "SMD", "TEMP_ENB1", "", "R", 55.51, 53.15, 0, 90],
		[21, "C11_1", 2875, -2034.37, "T", "SMD", "GND", "GND", "R", 55.51, 53.15, 0, 90],
		[22, "C11_2", 2875, -1955.63, "T", "SMD", "TEMP_ENB4", "", "R", 55.51, 53.15, 0, 90],
		[23, "C13_1", 150.63, -640, "T", "SMD", "GND", "GND", "R", 55.51, 53.15, 0, 0],
		[24, "C13_2", 229.37, -640, "T", "SMD", "+5V", "", "R", 55.51, 53.15, 0, 0],
		[25, "C14_1", 2350, -1950.63, "T", "SMD", "TEMP_ENB3", "", "R", 55.51, 53.15, 0, 270],
		[26, "C14_2", 2350, -2029.37, "T", "SMD", "GND", "GND", "R", 55.51, 53.15, 0, 270],
		[27, "C15_1", 1551.75, -1953.18, "T", "SMD", "TEMP_ENB2", "", "R", 55.51, 53.15, 0, 270],
		[28, "C15_2", 1551.75, -2031.92, "T", "SMD", "GND", "GND", "R", 55.51, 53.15, 0, 270],
		[29, "C16_1", 1364.37, -1645, "T", "SMD", "TEMP_OUT2", "", "R", 55.51, 53.15, 0, 180],
		[30, "C16_2", 1285.63, -1645, "T", "SMD", "GND", "GND", "R", 55.51, 53.15, 0, 180],
		[31, "C17_1", 2044.37, -1835, "T", "SMD", "GND", "GND", "R", 55.51, 53.15, 0, 180],
		[32, "C17_2", 1965.63, -1835, "T", "SMD", "TEMP_OUT3", "", "R", 55.51, 53.15, 0, 180],
		[33, "C18_1", 1670.63, -1345, "T", "SMD", "GND", "GND", "R", 55.51, 53.15, 0, 0],
		[34, "C18_2", 1749.37, -1345, "T", "SMD", "OPV_ENB", "", "R", 55.51, 53.15, 0, 0],
		[35, "C19_1", 2294.37, -1545, "T", "SMD", "GND", "GND", "R", 55.51, 53.15, 0, 180],
		[36, "C19_2", 2215.63, -1545, "T", "SMD", "3V3", "", "R", 55.51, 53.15, 0, 180],
		[37, "C21_1", 1819.37, -325, "T", "SMD", "AREF", "", "R", 55.51, 53.15, 0, 180],
		[38, "C21_2", 1740.63, -325, "T", "SMD", "GND", "GND", "R", 55.51, 53.15, 0, 180],
		[39, "C22_1", 1889.34, -655.66, "T", "SMD", "$1N23528", "", "R", 58.47, 68.03, 0, 225],
		[40, "C22_2", 1800.66, -744.34, "T", "SMD", "GND", "GND", "R", 58.47, 68.03, 0, 225],
		[41, "C23_1", 2180.63, -745, "T", "SMD", "RESET", "", "R", 55.51, 53.15, 0, 0],
		[42, "C23_2", 2259.37, -745, "T", "SMD", "3V3", "", "R", 55.51, 53.15, 0, 0],
		[43, "C24_1", 549.37, -225, "T", "DIP", "3V3", "", "C", 51.18, 51.18, 31.5, 180],
		[44, "C24_1", 549.37, -225, "B", "DIP", "3V3", "", "C", 51.18, 51.18, 31.5, 180],
		[45, "C24_2", 470.63, -225, "T", "DIP", "GND", "GND", "C", 51.18, 51.18, 31.5, 180],
		[46, "C24_2", 470.63, -225, "B", "DIP", "GND", "GND", "C", 51.18, 51.18, 31.5, 180],
		[47, "CN1_1", 3394.99, -930, "T", "DIP", "GND", "GND", "R", 98.42, 98.42, 74.8, 90],
		[48, "CN1_1", 3394.99, -930, "B", "DIP", "GND", "GND", "R", 98.42, 98.42, 74.8, 90],
		[49, "CN1_2", 3395.01, -730, "T", "DIP", "TEMPERATURA", "", "C", 98.42, 98.42, 74.8, 90],
		[50, "CN1_2", 3395.01, -730, "B", "DIP", "TEMPERATURA", "", "C", 98.42, 98.42, 74.8, 90],
		[51, "CN1_3", 3395.01, -530, "T", "DIP", "3V3", "", "C", 98.42, 98.42, 74.8, 90],
		[52, "CN1_3", 3395.01, -530, "B", "DIP", "3V3", "", "C", 98.42, 98.42, 74.8, 90],
		[53, "CN2_1", 575.31, -2275.5, "T", "DIP", "IN+1", "", "R", 98.42, 98.42, 74.8, 0],
		[54, "CN2_1", 575.31, -2275.5, "B", "DIP", "IN+1", "", "R", 98.42, 98.42, 74.8, 0],
		[55, "CN2_2", 775.31, -2275.51, "T", "DIP", "GND", "GND", "C", 98.42, 98.42, 74.8, 0],
		[56, "CN2_2", 775.31, -2275.51, "B", "DIP", "GND", "GND", "C", 98.42, 98.42, 74.8, 0],
		[57, "CN2_3", 975.31, -2275.51, "T", "DIP", "$1N5483", "", "C", 98.42, 98.42, 74.8, 0],
		[58, "CN2_3", 975.31, -2275.51, "B", "DIP", "$1N5483", "", "C", 98.42, 98.42, 74.8, 0],
		[59, "CN3_1", 2640, -2279.99, "T", "DIP", "IN+4", "", "R", 98.42, 98.42, 74.8, 0],
		[60, "CN3_1", 2640, -2279.99, "B", "DIP", "IN+4", "", "R", 98.42, 98.42, 74.8, 0],
		[61, "CN3_2", 2840, -2280.01, "T", "DIP", "GND", "GND", "C", 98.42, 98.42, 74.8, 0],
		[62, "CN3_2", 2840, -2280.01, "B", "DIP", "GND", "GND", "C", 98.42, 98.42, 74.8, 0],
		[63, "CN3_3", 3040, -2280.01, "T", "DIP", "$1N7236", "", "C", 98.42, 98.42, 74.8, 0],
		[64, "CN3_3", 3040, -2280.01, "B", "DIP", "$1N7236", "", "C", 98.42, 98.42, 74.8, 0],
		[65, "CN4_1", 1952.21, -2279, "T", "DIP", "IN+3", "", "R", 98.42, 98.42, 74.8, 0],
		[66, "CN4_1", 1952.21, -2279, "B", "DIP", "IN+3", "", "R", 98.42, 98.42, 74.8, 0],
		[67, "CN4_2", 2152.21, -2279.01, "T", "DIP", "GND", "GND", "C", 98.42, 98.42, 74.8, 0],
		[68, "CN4_2", 2152.21, -2279.01, "B", "DIP", "GND", "GND", "C", 98.42, 98.42, 74.8, 0],
		[69, "CN4_3", 2352.21, -2279.01, "T", "DIP", "$1N6596", "", "C", 98.42, 98.42, 74.8, 0],
		[70, "CN4_3", 2352.21, -2279.01, "B", "DIP", "$1N6596", "", "C", 98.42, 98.42, 74.8, 0],
		[71, "CN5_1", 1265.31, -2277.18, "T", "DIP", "IN+2", "", "R", 98.42, 98.42, 74.8, 0],
		[72, "CN5_1", 1265.31, -2277.18, "B", "DIP", "IN+2", "", "R", 98.42, 98.42, 74.8, 0],
		[73, "CN5_2", 1465.31, -2277.19, "T", "DIP", "GND", "GND", "C", 98.42, 98.42, 74.8, 0],
		[74, "CN5_2", 1465.31, -2277.19, "B", "DIP", "GND", "GND", "C", 98.42, 98.42, 74.8, 0],
		[75, "CN5_3", 1665.31, -2277.19, "T", "DIP", "$1N6217", "", "C", 98.42, 98.42, 74.8, 0],
		[76, "CN5_3", 1665.31, -2277.19, "B", "DIP", "$1N6217", "", "C", 98.42, 98.42, 74.8, 0],
		[77, "D1_1", 564.59, -1602.62, "T", "SMD", "D+", "", "R", 43.31, 23.62, 0, 90],
		[78, "D1_2", 527.19, -1602.62, "T", "SMD", "VBUS", "", "R", 43.31, 23.62, 0, 90],
		[79, "D1_3", 489.79, -1602.62, "T", "SMD", "D-", "", "R", 43.31, 23.62, 0, 90],
		[80, "D1_4", 489.79, -1708.92, "T", "SMD", "D1_4", "", "R", 43.31, 23.62, 0, 90],
		[81, "D1_5", 527.19, -1708.92, "T", "SMD", "GND", "GND", "R", 43.31, 23.62, 0, 90],
		[82, "D1_6", 564.59, -1708.92, "T", "SMD", "D1_6", "", "R", 43.31, 23.62, 0, 90],
		[83, "D2_1", 125.87, -1140.77, "T", "SMD", "$1N9302", "", "R", 70.87, 66.93, 0, 0],
		[84, "D2_2", 298.51, -1140.77, "T", "SMD", "VBUS", "", "R", 70.87, 66.93, 0, 0],
		[85, "D3_1", 2107.4, -1521.85, "T", "SMD", "IN+1", "", "R", 43.31, 23.62, 0, 90],
		[86, "D3_2", 2070, -1521.85, "T", "SMD", "3V3", "", "R", 43.31, 23.62, 0, 90],
		[87, "D3_3", 2032.6, -1521.85, "T", "SMD", "IN+2", "", "R", 43.31, 23.62, 0, 90],
		[88, "D3_4", 2032.6, -1628.15, "T", "SMD", "IN+3", "", "R", 43.31, 23.62, 0, 90],
		[89, "D3_5", 2070, -1628.15, "T", "SMD", "GND", "GND", "R", 43.31, 23.62, 0, 90],
		[90, "D3_6", 2107.4, -1628.15, "T", "SMD", "IN+4", "", "R", 43.31, 23.62, 0, 90],
		[91, "F1_1", 2850.53, -1361.04, "T", "SMD", "$1N15161", "", "R", 46.85, 68.03, 0, 0],
		[92, "F1_2", 2964.31, -1361.04, "T", "SMD", "A1/RXI", "", "R", 46.85, 68.03, 0, 0],
		[93, "F2_1", 2850.53, -1266.04, "T", "SMD", "$1N15155", "", "R", 46.85, 68.03, 0, 0],
		[94, "F2_2", 2964.31, -1266.04, "T", "SMD", "B1/TXO", "", "R", 46.85, 68.03, 0, 0],
		[95, "GND_1", 85, -505, "T", "SMD", "GND", "GND", "C", 47.24, 47.24, 0, 0],
		[96, "H1_1", 945, -125, "T", "DIP", "GND", "GND", "R", 62, 62, 40.16, 270],
		[97, "H1_1", 945, -125, "B", "DIP", "GND", "GND", "R", 62, 62, 40.16, 270],
		[98, "H1_2", 945, -225, "T", "DIP", "3V3", "", "C", 62, 62, 40.16, 270],
		[99, "H1_2", 945, -225, "B", "DIP", "3V3", "", "C", 62, 62, 40.16, 270],
		[100, "H1_3", 945, -325, "T", "DIP", "5VSCHEDA", "", "C", 62, 62, 40.16, 270],
		[101, "H1_3", 945, -325, "B", "DIP", "5VSCHEDA", "", "C", 62, 62, 40.16, 270],
		[102, "H2_1", 126.99, -936.17, "T", "DIP", "$1N9302", "", "R", 62, 70.87, 47.24, 0],
		[103, "H2_1", 126.99, -936.17, "B", "DIP", "$1N9302", "", "R", 62, 70.87, 47.24, 0],
		[104, "H2_2", 226.99, -936.17, "T", "DIP", "+5V", "", "C", 70.87, 70.87, 47.24, 0],
		[105, "H2_2", 226.99, -936.17, "B", "DIP", "+5V", "", "C", 70.87, 70.87, 47.24, 0],
		[106, "H2_3", 326.99, -936.17, "T", "DIP", "5VSCHEDA", "", "C", 70.87, 70.87, 47.24, 0],
		[107, "H2_3", 326.99, -936.17, "B", "DIP", "5VSCHEDA", "", "C", 70.87, 70.87, 47.24, 0],
		[108, "H3_1", 3177.79, -385, "T", "DIP", "IIC_SCL", "", "R", 66.93, 66.93, 43.31, 90],
		[109, "H3_1", 3177.79, -385, "B", "DIP", "IIC_SCL", "", "R", 66.93, 66.93, 43.31, 90],
		[110, "H3_2", 3177.79, -285, "T", "DIP", "IIC_SDA", "", "C", 66.93, 66.93, 43.31, 90],
		[111, "H3_2", 3177.79, -285, "B", "DIP", "IIC_SDA", "", "C", 66.93, 66.93, 43.31, 90],
		[112, "H3_3", 3177.79, -185, "T", "DIP", "3V3", "", "C", 66.93, 66.93, 43.31, 90],
		[113, "H3_3", 3177.79, -185, "B", "DIP", "3V3", "", "C", 66.93, 66.93, 43.31, 90],
		[114, "H3_4", 3177.79, -85, "T", "DIP", "GND", "GND", "C", 66.93, 66.93, 43.31, 90],
		[115, "H3_4", 3177.79, -85, "B", "DIP", "GND", "GND", "C", 66.93, 66.93, 43.31, 90],
		[116, "H4_1", 1520, -960, "T", "DIP", "MISO", "", "R", 62.99, 62.99, 41.34, 180],
		[117, "H4_1", 1520, -960, "B", "DIP", "MISO", "", "R", 62.99, 62.99, 41.34, 180],
		[118, "H4_2", 1520, -1060, "T", "DIP", "3V3", "", "C", 62.99, 62.99, 41.34, 180],
		[119, "H4_2", 1520, -1060, "B", "DIP", "3V3", "", "C", 62.99, 62.99, 41.34, 180],
		[120, "H4_3", 1420, -960, "T", "DIP", "CLK", "", "C", 62.99, 62.99, 41.34, 180],
		[121, "H4_3", 1420, -960, "B", "DIP", "CLK", "", "C", 62.99, 62.99, 41.34, 180],
		[122, "H4_4", 1420, -1060, "T", "DIP", "MOSI", "", "C", 62.99, 62.99, 41.34, 180],
		[123, "H4_4", 1420, -1060, "B", "DIP", "MOSI", "", "C", 62.99, 62.99, 41.34, 180],
		[124, "H4_5", 1320, -960, "T", "DIP", "RESET", "", "C", 62.99, 62.99, 41.34, 180],
		[125, "H4_5", 1320, -960, "B", "DIP", "RESET", "", "C", 62.99, 62.99, 41.34, 180],
		[126, "H4_6", 1320, -1060, "T", "DIP", "GND", "GND", "C", 62.99, 62.99, 41.34, 180],
		[127, "H4_6", 1320, -1060, "B", "DIP", "GND", "GND", "C", 62.99, 62.99, 41.34, 180],
		[128, "P1_1", 3395, -1625, "T", "DIP", "GND", "GND", "C", 78.74, 78.74, 51.18, 270],
		[129, "P1_1", 3395, -1625, "B", "DIP", "GND", "GND", "C", 78.74, 78.74, 51.18, 270],
		[130, "P1_2", 3395, -1425, "T", "DIP", "A1/RXI", "", "C", 78.74, 78.74, 51.18, 270],
		[131, "P1_2", 3395, -1425, "B", "DIP", "A1/RXI", "", "C", 78.74, 78.74, 51.18, 270],
		[132, "P1_3", 3395, -1225, "T", "DIP", "B1/TXO", "", "C", 78.74, 78.74, 51.18, 270],
		[133, "P1_3", 3395, -1225, "B", "DIP", "B1/TXO", "", "C", 78.74, 78.74, 51.18, 270],
		[134, "R1_1", 2357.42, -1062.82, "T", "SMD", "+5V", "", "R", 47.54, 66.97, 0, 270],
		[135, "R1_2", 2357.42, -1179.26, "T", "SMD", "$1N15072", "", "R", 47.54, 66.97, 0, 270],
		[136, "R2_1", 2567.42, -1384.26, "T", "SMD", "$1N15161", "", "R", 47.54, 66.97, 0, 90],
		[137, "R2_2", 2567.42, -1267.82, "T", "SMD", "+5V", "", "R", 47.54, 66.97, 0, 90],
		[138, "R3_1", 2757.42, -1384.26, "T", "SMD", "$1N15161", "", "R", 47.54, 66.97, 0, 90],
		[139, "R3_2", 2757.42, -1267.82, "T", "SMD", "$1N15155", "", "R", 47.54, 66.97, 0, 90],
		[140, "R4_1", 2662.42, -1307.82, "T", "SMD", "$1N15155", "", "R", 47.54, 66.97, 0, 270],
		[141, "R4_2", 2662.42, -1424.26, "T", "SMD", "GND", "GND", "R", 47.54, 66.97, 0, 270],
		[142, "R5_1", 1250, -221.78, "T", "SMD", "3V3", "", "R", 47.54, 66.97, 0, 270],
		[143, "R5_2", 1250, -338.22, "T", "SMD", "$1N16299", "", "R", 47.54, 66.97, 0, 270],
		[144, "R7_1", 3040, -653.22, "T", "SMD", "TEMPERATURA", "", "R", 47.54, 66.97, 0, 90],
		[145, "R7_2", 3040, -536.78, "T", "SMD", "3V3", "", "R", 47.54, 66.97, 0, 90],
		[146, "R12_1", 2262.42, -1179.26, "T", "SMD", "485_RXI3", "", "R", 47.54, 66.97, 0, 90],
		[147, "R12_2", 2262.42, -1062.82, "T", "SMD", "+5V", "", "R", 47.54, 66.97, 0, 90],
		[148, "R19_1", 900, -2034.37, "T", "SMD", "$1N5483", "", "R", 44.59, 54.21, 0, 90],
		[149, "R19_2", 900, -1955.63, "T", "SMD", "TEMP_ENB1", "", "R", 44.59, 54.21, 0, 90],
		[150, "R20_1", 700.63, -1955, "T", "SMD", "$1N5466", "", "R", 44.59, 54.21, 0, 0],
		[151, "R20_2", 779.37, -1955, "T", "SMD", "TEMP_ENB1", "", "R", 44.59, 54.21, 0, 0],
		[152, "R21_1", 945, -1639.37, "T", "SMD", "$1N5462", "", "R", 44.59, 54.21, 0, 90],
		[153, "R21_2", 945, -1560.63, "T", "SMD", "TEMP_OUT1", "", "R", 44.59, 54.21, 0, 90],
		[154, "R22_1", 2480, -1744.37, "T", "SMD", "$1N6830", "", "R", 44.59, 54.21, 0, 90],
		[155, "R22_2", 2480, -1665.63, "T", "SMD", "TEMP_OUT4", "", "R", 44.59, 54.21, 0, 90],
		[156, "R23_1", 2590.63, -1950, "T", "SMD", "$1N6878", "", "R", 44.59, 54.21, 0, 0],
		[157, "R23_2", 2669.37, -1950, "T", "SMD", "TEMP_ENB4", "", "R", 44.59, 54.21, 0, 0],
		[158, "R24_1", 2775, -2034.37, "T", "SMD", "$1N7236", "", "R", 44.59, 54.21, 0, 90],
		[159, "R24_2", 2775, -1955.63, "T", "SMD", "TEMP_ENB4", "", "R", 44.59, 54.21, 0, 90],
		[160, "R25_1", 925, -1765.63, "T", "SMD", "GND", "GND", "R", 44.59, 54.21, 0, 270],
		[161, "R25_2", 925, -1844.37, "T", "SMD", "$1N5466", "", "R", 44.59, 54.21, 0, 270],
		[162, "R26_1", 840, -1844.37, "T", "SMD", "$1N5466", "", "R", 44.59, 54.21, 0, 90],
		[163, "R26_2", 840, -1765.63, "T", "SMD", "$1N5462", "", "R", 44.59, 54.21, 0, 90],
		[164, "R27_1", 2590, -1750.63, "T", "SMD", "$1N6830", "", "R", 44.59, 54.21, 0, 270],
		[165, "R27_2", 2590, -1829.37, "T", "SMD", "$1N6878", "", "R", 44.59, 54.21, 0, 270],
		[166, "R28_1", 2685, -1829.37, "T", "SMD", "$1N6878", "", "R", 44.59, 54.21, 0, 90],
		[167, "R28_2", 2685, -1750.63, "T", "SMD", "GND", "GND", "R", 44.59, 54.21, 0, 90],
		[168, "R29_1", 681.78, -2050, "T", "SMD", "IN+1", "", "R", 47.54, 66.97, 0, 0],
		[169, "R29_2", 798.22, -2050, "T", "SMD", "GND", "GND", "R", 47.54, 66.97, 0, 0],
		[170, "R30_1", 2663.22, -2050, "T", "SMD", "GND", "GND", "R", 47.54, 66.97, 0, 180],
		[171, "R30_2", 2546.78, -2050, "T", "SMD", "IN+4", "", "R", 47.54, 66.97, 0, 180],
		[172, "R31_1", 1136.78, -2050, "T", "SMD", "IN+2", "", "R", 47.54, 66.97, 0, 0],
		[173, "R31_2", 1253.22, -2050, "T", "SMD", "GND", "GND", "R", 47.54, 66.97, 0, 0],
		[174, "R32_1", 2143.22, -2045, "T", "SMD", "GND", "GND", "R", 47.54, 66.97, 0, 180],
		[175, "R32_2", 2026.78, -2045, "T", "SMD", "IN+3", "", "R", 47.54, 66.97, 0, 180],
		[176, "R33_1", 1280, -1765.63, "T", "SMD", "GND", "GND", "R", 44.59, 54.21, 0, 270],
		[177, "R33_2", 1280, -1844.37, "T", "SMD", "$1N5873", "", "R", 44.59, 54.21, 0, 270],
		[178, "R34_1", 1375, -1844.37, "T", "SMD", "$1N5873", "", "R", 44.59, 54.21, 0, 90],
		[179, "R34_2", 1375, -1765.63, "T", "SMD", "$1N5760", "", "R", 44.59, 54.21, 0, 90],
		[180, "R35_1", 1783.13, -1927.5, "T", "SMD", "$1N6306", "", "R", 44.59, 54.21, 0, 0],
		[181, "R35_2", 1861.87, -1927.5, "T", "SMD", "$1N6372", "", "R", 44.59, 54.21, 0, 0],
		[182, "R36_1", 1861.87, -2022.5, "T", "SMD", "$1N6372", "", "R", 44.59, 54.21, 0, 180],
		[183, "R36_2", 1783.13, -2022.5, "T", "SMD", "GND", "GND", "R", 44.59, 54.21, 0, 180],
		[184, "R37_1", 1485, -1675.63, "T", "SMD", "TEMP_OUT2", "", "R", 44.59, 54.21, 0, 270],
		[185, "R37_2", 1485, -1754.37, "T", "SMD", "$1N5760", "", "R", 44.59, 54.21, 0, 270],
		[186, "R38_1", 1455.63, -1955, "T", "SMD", "TEMP_ENB2", "", "R", 44.59, 54.21, 0, 270],
		[187, "R38_2", 1455.63, -2033.74, "T", "SMD", "$1N6217", "", "R", 44.59, 54.21, 0, 270],
		[188, "R39_1", 1319.37, -1955, "T", "SMD", "TEMP_ENB2", "", "R", 44.59, 54.21, 0, 180],
		[189, "R39_2", 1240.63, -1955, "T", "SMD", "$1N5873", "", "R", 44.59, 54.21, 0, 180],
		[190, "R40_1", 1859.37, -1835, "T", "SMD", "TEMP_OUT3", "", "R", 44.59, 54.21, 0, 180],
		[191, "R40_2", 1780.63, -1835, "T", "SMD", "$1N6306", "", "R", 44.59, 54.21, 0, 180],
		[192, "R41_1", 2064.37, -1945, "T", "SMD", "TEMP_ENB3", "", "R", 44.59, 54.21, 0, 180],
		[193, "R41_2", 1985.63, -1945, "T", "SMD", "$1N6372", "", "R", 44.59, 54.21, 0, 180],
		[194, "R42_1", 2250, -1950.63, "T", "SMD", "TEMP_ENB3", "", "R", 44.59, 54.21, 0, 270],
		[195, "R42_2", 2250, -2029.37, "T", "SMD", "$1N6596", "", "R", 44.59, 54.21, 0, 270],
		[196, "R47_1", 585.41, -1395.77, "T", "SMD", "D-", "", "R", 47.54, 66.97, 0, 180],
		[197, "R47_2", 468.97, -1395.77, "T", "SMD", "$1N23097", "", "R", 47.54, 66.97, 0, 180],
		[198, "R48_1", 585.41, -1490.77, "T", "SMD", "D+", "", "R", 47.54, 66.97, 0, 180],
		[199, "R48_2", 468.97, -1490.77, "T", "SMD", "$1N23143", "", "R", 47.54, 66.97, 0, 180],
		[200, "R49_1", 2845, -503.22, "T", "SMD", "3V3", "", "R", 47.54, 66.97, 0, 90],
		[201, "R49_2", 2845, -386.78, "T", "SMD", "IIC_SCL", "", "R", 47.54, 66.97, 0, 90],
		[202, "R50_1", 2845, -161.78, "T", "SMD", "3V3", "", "R", 47.54, 66.97, 0, 270],
		[203, "R50_2", 2845, -278.22, "T", "SMD", "IIC_SDA", "", "R", 47.54, 66.97, 0, 270],
		[204, "R51_1", 2156.78, -840, "T", "SMD", "RESET", "", "R", 47.54, 66.97, 0, 0],
		[205, "R51_2", 2273.22, -840, "T", "SMD", "3V3", "", "R", 47.54, 66.97, 0, 0],
		[206, "S1_1", 157.48, -157.48, "T", "DIP", "S1_1", "", "C", 177.17, 177.17, 157.48, 0],
		[207, "S1_1", 157.48, -157.48, "B", "DIP", "S1_1", "", "C", 177.17, 177.17, 157.48, 0],
		[208, "S2_1", 3464.57, -157.48, "T", "DIP", "S2_1", "", "C", 177.17, 177.17, 157.48, 0],
		[209, "S2_1", 3464.57, -157.48, "B", "DIP", "S2_1", "", "C", 177.17, 177.17, 157.48, 0],
		[210, "S3_1", 157.48, -2362.2, "T", "DIP", "S3_1", "", "C", 177.17, 177.17, 157.48, 0],
		[211, "S3_1", 157.48, -2362.2, "B", "DIP", "S3_1", "", "C", 177.17, 177.17, 157.48, 0],
		[212, "S4_1", 3464.57, -2362.2, "T", "DIP", "S4_1", "", "C", 177.17, 177.17, 157.48, 0],
		[213, "S4_1", 3464.57, -2362.2, "B", "DIP", "S4_1", "", "C", 177.17, 177.17, 157.48, 0],
		[214, "U2_1", 2223.27, -1271.04, "T", "SMD", "485_RXI3", "", "O", 23.15, 80.51, 0, 270],
		[215, "U2_2", 2223.27, -1321.04, "T", "SMD", "$1N15072", "", "O", 23.15, 80.51, 0, 270],
		[216, "U2_3", 2223.27, -1371.04, "T", "SMD", "$1N15072", "", "O", 23.15, 80.51, 0, 270],
		[217, "U2_4", 2223.27, -1421.04, "T", "SMD", "485TX", "", "O", 23.15, 80.51, 0, 270],
		[218, "U2_5", 2441.57, -1421.04, "T", "SMD", "GND", "GND", "O", 23.15, 80.51, 0, 270],
		[219, "U2_6", 2441.57, -1371.04, "T", "SMD", "$1N15161", "", "O", 23.15, 80.51, 0, 270],
		[220, "U2_7", 2441.57, -1321.04, "T", "SMD", "$1N15155", "", "O", 23.15, 80.51, 0, 270],
		[221, "U2_8", 2441.57, -1271.04, "T", "SMD", "+5V", "", "O", 23.15, 80.51, 0, 270],
		[222, "U6_1", 2084.41, -1206.34, "T", "SMD", "GND", "GND", "R", 15.75, 31.5, 0, 180],
		[223, "U6_2", 2110, -1206.34, "T", "SMD", "485_RXI3", "", "R", 15.75, 31.5, 0, 180],
		[224, "U6_3", 2135.59, -1206.34, "T", "SMD", "GND", "GND", "R", 15.75, 31.5, 0, 180],
		[225, "U6_4", 2135.59, -1123.66, "T", "SMD", "485RX", "", "R", 15.75, 31.5, 0, 180],
		[226, "U6_5", 2084.41, -1123.66, "T", "SMD", "3V3", "", "R", 15.75, 31.5, 0, 180],
		[227, "U7_1", 1920, -1460.98, "T", "SMD", "$1N5462", "", "O", 22.6, 80.24, 0, 180],
		[228, "U7_2", 1870, -1460.98, "T", "SMD", "$1N5466", "", "O", 22.6, 80.24, 0, 180],
		[229, "U7_3", 1820, -1460.98, "T", "SMD", "IN+1", "", "O", 22.6, 80.24, 0, 180],
		[230, "U7_4", 1770, -1460.98, "T", "SMD", "OPV_ENB", "", "O", 22.6, 80.24, 0, 180],
		[231, "U7_5", 1720, -1460.98, "T", "SMD", "IN+2", "", "O", 22.6, 80.24, 0, 180],
		[232, "U7_6", 1670, -1460.98, "T", "SMD", "$1N5873", "", "O", 22.6, 80.24, 0, 180],
		[233, "U7_7", 1620, -1460.98, "T", "SMD", "$1N5760", "", "O", 22.6, 80.24, 0, 180],
		[234, "U7_8", 1620, -1679.02, "T", "SMD", "$1N6306", "", "O", 22.6, 80.24, 0, 180],
		[235, "U7_9", 1670, -1679.02, "T", "SMD", "$1N6372", "", "O", 22.6, 80.24, 0, 180],
		[236, "U7_10", 1720, -1679.02, "T", "SMD", "IN+3", "", "O", 22.6, 80.24, 0, 180],
		[237, "U7_11", 1770, -1679.02, "T", "SMD", "GND", "GND", "O", 22.6, 80.24, 0, 180],
		[238, "U7_12", 1820, -1679.02, "T", "SMD", "IN+4", "", "O", 22.6, 80.24, 0, 180],
		[239, "U7_13", 1870, -1679.02, "T", "SMD", "$1N6878", "", "O", 22.6, 80.24, 0, 180],
		[240, "U7_14", 1920, -1679.02, "T", "SMD", "$1N6830", "", "O", 22.6, 80.24, 0, 180],
		[241, "U9_1", 1937.97, -432.84, "T", "SMD", "U9_1", "", "O", 51.18, 11.81, 0, 45],
		[242, "U9_2", 1951.88, -446.75, "T", "SMD", "+5V", "", "O", 51.18, 11.81, 0, 45],
		[243, "U9_3", 1965.81, -460.68, "T", "SMD", "D-", "", "O", 51.18, 11.81, 0, 45],
		[244, "U9_4", 1979.72, -474.59, "T", "SMD", "D+", "", "O", 51.18, 11.81, 0, 45],
		[245, "U9_5", 1993.64, -488.52, "T", "SMD", "GND", "GND", "O", 51.18, 11.81, 0, 45],
		[246, "U9_6", 2007.56, -502.43, "T", "SMD", "$1N23528", "", "O", 51.18, 11.81, 0, 45],
		[247, "U9_7", 2021.48, -516.36, "T", "SMD", "+5V", "", "O", 51.18, 11.81, 0, 45],
		[248, "U9_8", 2035.4, -530.27, "T", "SMD", "U9_8", "", "O", 51.18, 11.81, 0, 45],
		[249, "U9_9", 2049.32, -544.19, "T", "SMD", "CLK", "", "O", 51.18, 11.81, 0, 45],
		[250, "U9_10", 2063.24, -558.11, "T", "SMD", "MOSI", "", "O", 51.18, 11.81, 0, 45],
		[251, "U9_11", 2077.16, -572.03, "T", "SMD", "MISO", "", "O", 51.18, 11.81, 0, 45],
		[252, "U9_12", 2132.84, -572.03, "T", "SMD", "U9_12", "", "O", 11.81, 51.18, 0, 45],
		[253, "U9_13", 2146.75, -558.12, "T", "SMD", "RESET", "", "O", 11.81, 51.18, 0, 45],
		[254, "U9_14", 2160.68, -544.19, "T", "SMD", "3V3", "", "O", 11.81, 51.18, 0, 45],
		[255, "U9_15", 2174.59, -530.28, "T", "SMD", "GND", "GND", "O", 11.81, 51.18, 0, 45],
		[256, "U9_16", 2188.52, -516.36, "T", "SMD", "$1N23832", "", "O", 11.81, 51.18, 0, 45],
		[257, "U9_17", 2202.43, -502.44, "T", "SMD", "$1N24092", "", "O", 11.81, 51.18, 0, 45],
		[258, "U9_18", 2216.36, -488.52, "T", "SMD", "IIC_SCL", "", "O", 11.81, 51.18, 0, 45],
		[259, "U9_19", 2230.27, -474.6, "T", "SMD", "IIC_SDA", "", "O", 11.81, 51.18, 0, 45],
		[260, "U9_20", 2244.19, -460.68, "T", "SMD", "485RX", "", "O", 11.81, 51.18, 0, 45],
		[261, "U9_21", 2258.11, -446.76, "T", "SMD", "485TX", "", "O", 11.81, 51.18, 0, 45],
		[262, "U9_22", 2272.03, -432.84, "T", "SMD", "U9_22", "", "O", 11.81, 51.18, 0, 45],
		[263, "U9_23", 2272.03, -377.16, "T", "SMD", "GND", "GND", "O", 51.18, 11.81, 0, 45],
		[264, "U9_24", 2258.11, -363.24, "T", "SMD", "3V3", "", "O", 51.18, 11.81, 0, 45],
		[265, "U9_25", 2244.19, -349.32, "T", "SMD", "U9_25", "", "O", 51.18, 11.81, 0, 45],
		[266, "U9_26", 2230.27, -335.4, "T", "SMD", "U9_26", "", "O", 51.18, 11.81, 0, 45],
		[267, "U9_27", 2216.36, -321.48, "T", "SMD", "TEMP_ENB4", "", "O", 51.18, 11.81, 0, 45],
		[268, "U9_28", 2202.43, -307.56, "T", "SMD", "TEMP_OUT4", "", "O", 51.18, 11.81, 0, 45],
		[269, "U9_29", 2188.52, -293.64, "T", "SMD", "TEMPERATURA", "", "O", 51.18, 11.81, 0, 45],
		[270, "U9_30", 2174.59, -279.72, "T", "SMD", "U9_30", "", "O", 51.18, 11.81, 0, 45],
		[271, "U9_31", 2160.68, -265.81, "T", "SMD", "TEMP_ENB3", "", "O", 51.18, 11.81, 0, 45],
		[272, "U9_32", 2146.75, -251.88, "T", "SMD", "OPV_ENB", "", "O", 51.18, 11.81, 0, 45],
		[273, "U9_33", 2132.84, -237.97, "T", "SMD", "GND", "GND", "O", 51.18, 11.81, 0, 45],
		[274, "U9_34", 2077.16, -237.97, "T", "SMD", "3V3", "", "O", 11.81, 51.18, 0, 45],
		[275, "U9_35", 2063.24, -251.89, "T", "SMD", "GND", "GND", "O", 11.81, 51.18, 0, 45],
		[276, "U9_36", 2049.32, -265.81, "T", "SMD", "TEMP_OUT3", "", "O", 11.81, 51.18, 0, 45],
		[277, "U9_37", 2035.4, -279.73, "T", "SMD", "TEMP_ENB2", "", "O", 11.81, 51.18, 0, 45],
		[278, "U9_38", 2021.48, -293.64, "T", "SMD", "TEMP_OUT2", "", "O", 11.81, 51.18, 0, 45],
		[279, "U9_39", 2007.56, -307.57, "T", "SMD", "TEMP_ENB1", "", "O", 11.81, 51.18, 0, 45],
		[280, "U9_40", 1993.64, -321.48, "T", "SMD", "U9_40", "", "O", 11.81, 51.18, 0, 45],
		[281, "U9_41", 1979.72, -335.41, "T", "SMD", "TEMP_OUT1", "", "O", 11.81, 51.18, 0, 45],
		[282, "U9_42", 1965.81, -349.32, "T", "SMD", "AREF", "", "O", 11.81, 51.18, 0, 45],
		[283, "U9_43", 1951.88, -363.25, "T", "SMD", "GND", "GND", "O", 11.81, 51.18, 0, 45],
		[284, "U9_44", 1937.97, -377.16, "T", "SMD", "3V3", "", "O", 11.81, 51.18, 0, 45],
		[285, "U9_45", 2104.99, -405, "T", "SMD", "GND", "GND", "R", 204.72, 204.72, 0, 45],
		[286, "U10_1", 2680, -577.3, "T", "SMD", "GND", "GND", "R", 58.47, 68.03, 0, 270],
		[287, "U10_2", 2680, -702.7, "T", "SMD", "$1N24092", "", "R", 58.47, 68.03, 0, 270],
		[288, "U11_1", 2617.7, -890, "T", "SMD", "GND", "GND", "R", 58.47, 68.03, 0, 180],
		[289, "U11_2", 2492.3, -890, "T", "SMD", "$1N23832", "", "R", 58.47, 68.03, 0, 180],
		[290, "U12_1", 328.39, -389.45, "T", "SMD", "GND", "GND", "R", 97.24, 38.58, 0, 180],
		[291, "U12_2", 328.39, -480, "T", "SMD", "3V3", "", "R", 97.24, 38.58, 0, 180],
		[292, "U12_3", 328.39, -570.55, "T", "SMD", "+5V", "", "R", 97.24, 38.58, 0, 180],
		[293, "U12_4", 551.61, -480, "T", "SMD", "3V3", "", "R", 97.24, 141.73, 0, 180],
		[294, "U14_1", 3077.94, -1095, "T", "SMD", "B1/TXO", "", "R", 80.61, 86.31, 0, 180],
		[295, "U14_2", 2892.06, -1095, "T", "SMD", "GND", "GND", "R", 80.61, 86.31, 0, 180],
		[296, "U15_1", 3077.94, -1565, "T", "SMD", "A1/RXI", "", "R", 80.61, 86.31, 0, 180],
		[297, "U15_2", 2892.06, -1565, "T", "SMD", "GND", "GND", "R", 80.61, 86.31, 0, 180],
		[298, "U16_1", 3085, -1417.94, "T", "SMD", "A1/RXI", "", "R", 80.61, 86.31, 0, 90],
		[299, "U16_2", 3085, -1232.06, "T", "SMD", "B1/TXO", "", "R", 80.61, 86.31, 0, 90],
		[300, "USB1_1", 308.57, -1314.78, "T", "SMD", "GND", "GND", "R", 21.65, 55.12, 0, 270],
		[301, "USB1_2", 308.57, -1346.28, "T", "SMD", "VBUS", "", "R", 21.65, 55.12, 0, 270],
		[302, "USB1_3", 308.57, -1371.87, "T", "SMD", "USB1_3", "", "R", 11.81, 55.12, 0, 270],
		[303, "USB1_4", 308.57, -1391.56, "T", "SMD", "USB1_4", "", "R", 11.81, 55.12, 0, 270],
		[304, "USB1_5", 308.57, -1411.24, "T", "SMD", "$1N23097", "", "R", 11.81, 55.12, 0, 270],
		[305, "USB1_6", 308.57, -1430.92, "T", "SMD", "$1N23143", "", "R", 11.81, 55.12, 0, 270],
		[306, "USB1_7", 308.57, -1450.61, "T", "SMD", "$1N23097", "", "R", 11.81, 55.12, 0, 270],
		[307, "USB1_8", 308.57, -1470.29, "T", "SMD", "$1N23143", "", "R", 11.81, 55.12, 0, 270],
		[308, "USB1_9", 308.57, -1489.98, "T", "SMD", "USB1_9", "", "R", 11.81, 55.12, 0, 270],
		[309, "USB1_10", 308.57, -1509.67, "T", "SMD", "USB1_10", "", "R", 11.81, 55.12, 0, 270],
		[310, "USB1_11", 308.57, -1535.26, "T", "SMD", "VBUS", "", "R", 21.65, 55.12, 0, 270],
		[311, "USB1_12", 308.57, -1566.75, "T", "SMD", "GND", "GND", "R", 21.65, 55.12, 0, 270],
		[312, "USB1_13", 279.05, -1270.49, "T", "DIP", "USB1_13", "", "O", 43.31, 78.74, 59.05, 270],
		[313, "USB1_13", 279.05, -1270.49, "B", "DIP", "USB1_13", "", "O", 43.31, 78.74, 59.05, 270],
		[314, "USB1_13", 113.69, -1270.49, "T", "DIP", "USB1_A_13", "", "O", 47.24, 70.87, 47.24, 270],
		[315, "USB1_13", 113.69, -1270.49, "B", "DIP", "USB1_A_13", "", "O", 47.24, 70.87, 47.24, 270],
		[316, "USB1_14", 279.05, -1611.04, "T", "DIP", "USB1_14", "", "O", 43.31, 78.74, 59.06, 270],
		[317, "USB1_14", 279.05, -1611.04, "B", "DIP", "USB1_14", "", "O", 43.31, 78.74, 59.06, 270],
		[318, "USB1_14", 113.69, -1611.04, "T", "DIP", "USB1_A_14", "", "O", 47.24, 70.87, 47.24, 270],
		[319, "USB1_14", 113.69, -1611.04, "B", "DIP", "USB1_A_14", "", "O", 47.24, 70.87, 47.24, 270],
		[320, "X1_1", 2491.69, -774.45, "T", "SMD", "$1N23832", "", "R", 55.12, 47.24, 0, 0],
		[321, "X1_2", 2578.31, -774.45, "T", "SMD", "GND", "GND", "R", 55.12, 47.24, 0, 0],
		[322, "X1_3", 2578.31, -705.55, "T", "SMD", "$1N24092", "", "R", 55.12, 47.24, 0, 0],
		[323, "X1_4", 2491.69, -705.55, "T", "SMD", "GND", "GND", "R", 55.12, 47.24, 0, 0]
	]
}
}